season,game_date,game_pk,market,side,home_team,away_team,close_odds_timestamp,closing_snapshot_source,game_start_time_utc,clv_locked_before_game,close_price,selected_close_price,clv_price_delta,clv_implied_probability_delta,clv_result
2025,2025-03-27,778553,ML,AWAY,Texas Rangers,Boston Red Sox,2025-03-27 23:55:00+00:00,HistoricalBasic,2025-03-27 23:59:00+00:00,True,-125.0,-125.0,-245.0,0.10101010101010105,WIN
2025,2025-03-27,778561,ML,AWAY,Cincinnati Reds,San Francisco Giants,2025-03-27 23:55:00+00:00,HistoricalBasic,2025-03-27 23:59:00+00:00,True,-110.0,-110.0,-210.0,0.023809523809523836,WIN
2025,2025-03-27,778554,ML,AWAY,Chicago White Sox,Los Angeles Angels,2025-03-27 23:55:00+00:00,HistoricalBasic,2025-03-27 23:59:00+00:00,True,-160.0,-160.0,-25.0,0.04091653027823239,WIN
2025,2025-03-30,778515,ML,AWAY,Arizona Diamondbacks,Chicago Cubs,2025-03-30 23:55:00+00:00,HistoricalBasic,2025-03-30 23:59:00+00:00,True,-110.0,-110.0,-215.0,0.03600464576074336,WIN
2025,2025-03-30,778519,ML,HOME,Miami Marlins,Pittsburgh Pirates,2025-03-30 23:55:00+00:00,HistoricalBasic,2025-03-30 23:59:00+00:00,True,-125.0,-125.0,-225.0,0.05555555555555558,WIN
2025,2025-04-04,778455,ML,AWAY,Kansas City Royals,Baltimore Orioles,2025-04-04 23:55:00+00:00,HistoricalBasic,2025-04-04 23:59:00+00:00,True,-115.0,-115.0,-215.0,0.03488372093023251,WIN
2025,2025-04-06,778425,ML,HOME,Los Angeles Angels,Cleveland Guardians,2025-04-06 23:55:00+00:00,HistoricalBasic,2025-04-06 23:59:00+00:00,True,-110.0,-110.0,-210.0,0.023809523809523836,WIN
2025,2025-04-08,778403,ML,HOME,Detroit Tigers,New York Yankees,2025-04-08 23:55:00+00:00,HistoricalBasic,2025-04-08 23:59:00+00:00,True,-170.0,-170.0,-288.0,0.1709140332993544,WIN
2025,2025-04-08,778396,ML,AWAY,Arizona Diamondbacks,Baltimore Orioles,2025-04-08 23:55:00+00:00,HistoricalBasic,2025-04-08 23:59:00+00:00,True,-115.0,-115.0,-215.0,0.03488372093023251,WIN
2025,2025-04-13,778338,ML,AWAY,Chicago White Sox,Boston Red Sox,2025-04-13 23:55:00+00:00,HistoricalBasic,2025-04-13 23:59:00+00:00,True,-250.0,-250.0,-592.0,0.4880413703943116,WIN
2025,2025-04-14,778322,ML,AWAY,Toronto Blue Jays,Atlanta Braves,2025-04-14 23:55:00+00:00,HistoricalBasic,2025-04-14 23:59:00+00:00,True,-115.0,-115.0,-10.0,0.022688598979012986,WIN
2025,2025-04-15,778310,ML,HOME,Milwaukee Brewers,Detroit Tigers,2025-04-15 23:55:00+00:00,HistoricalBasic,2025-04-15 23:59:00+00:00,True,-110.0,-110.0,-215.0,0.03600464576074336,WIN
2025,2025-04-19,778262,ML,HOME,Baltimore Orioles,Cincinnati Reds,2025-04-19 23:55:00+00:00,HistoricalBasic,2025-04-19 23:59:00+00:00,True,-125.0,-125.0,-235.0,0.07936507936507942,WIN
2025,2025-04-19,778257,ML,HOME,Chicago Cubs,Arizona Diamondbacks,2025-04-19 23:55:00+00:00,HistoricalBasic,2025-04-19 23:59:00+00:00,True,-130.0,-130.0,-230.0,0.06521739130434778,WIN
2025,2025-04-26,778168,ML,AWAY,Detroit Tigers,Baltimore Orioles,2025-04-26 23:55:00+00:00,HistoricalBasic,2025-04-26 23:59:00+00:00,True,-110.0,-110.0,-215.0,0.03600464576074336,WIN
2025,2025-04-26,778179,ML,AWAY,Cleveland Guardians,Boston Red Sox,2025-04-26 23:55:00+00:00,HistoricalBasic,2025-04-26 23:59:00+00:00,True,-120.0,-120.0,-10.0,0.021645021645021578,WIN
2025,2025-04-27,778157,ML,AWAY,Cleveland Guardians,Boston Red Sox,2025-04-27 23:55:00+00:00,HistoricalBasic,2025-04-27 23:59:00+00:00,True,-115.0,-115.0,-215.0,0.03488372093023251,WIN
2025,2025-04-27,778146,ML,AWAY,San Diego Padres,Tampa Bay Rays,2025-04-27 23:55:00+00:00,HistoricalBasic,2025-04-27 23:59:00+00:00,True,-115.0,-115.0,-215.0,0.03488372093023251,WIN
2025,2025-04-27,778158,ML,HOME,Chicago Cubs,Philadelphia Phillies,2025-04-27 23:55:00+00:00,HistoricalBasic,2025-04-27 23:59:00+00:00,True,-130.0,-130.0,-230.0,0.06521739130434778,WIN
2025,2025-04-30,778116,ML,HOME,Cleveland Guardians,Minnesota Twins,2025-04-30 23:55:00+00:00,HistoricalBasic,2025-04-30 23:59:00+00:00,True,-110.0,-110.0,-230.0,0.0692640692640693,WIN
2025,2025-04-30,778114,ML,HOME,Toronto Blue Jays,Boston Red Sox,2025-04-30 23:55:00+00:00,HistoricalBasic,2025-04-30 23:59:00+00:00,True,-110.0,-110.0,-8.0,0.01885902876001888,WIN
2025,2025-05-01,778107,ML,AWAY,Cincinnati Reds,St. Louis Cardinals,2025-05-01 23:55:00+00:00,HistoricalBasic,2025-05-01 23:59:00+00:00,True,-120.0,-120.0,-225.0,0.05764966740576494,WIN
2025,2025-05-01,778108,ML,AWAY,Cleveland Guardians,Minnesota Twins,2025-05-01 23:55:00+00:00,HistoricalBasic,2025-05-01 23:59:00+00:00,True,-125.0,-125.0,-20.0,0.04336043360433606,WIN
2025,2025-05-03,778065,ML,HOME,Pittsburgh Pirates,San Diego Padres,2025-05-03 23:55:00+00:00,HistoricalBasic,2025-05-03 23:59:00+00:00,True,-125.0,-125.0,-225.0,0.05555555555555558,WIN
2025,2025-05-03,778071,ML,AWAY,Milwaukee Brewers,Chicago Cubs,2025-05-03 23:55:00+00:00,HistoricalBasic,2025-05-03 23:59:00+00:00,True,-110.0,-110.0,-5.0,0.011614401858304313,WIN
2025,2025-05-06,778026,ML,HOME,Washington Nationals,Cleveland Guardians,2025-05-06 23:55:00+00:00,HistoricalBasic,2025-05-06 23:59:00+00:00,True,-110.0,-110.0,-210.0,0.023809523809523836,WIN
2025,2025-05-07,778022,ML,HOME,Washington Nationals,Cleveland Guardians,2025-05-07 23:55:00+00:00,HistoricalBasic,2025-05-07 23:59:00+00:00,True,-110.0,-110.0,-225.0,0.0586932447397564,WIN
2025,2025-05-07,778023,ML,HOME,Atlanta Braves,Cincinnati Reds,2025-05-07 23:55:00+00:00,HistoricalBasic,2025-05-07 23:59:00+00:00,True,-120.0,-120.0,-15.0,0.03325942350332589,WIN
2025,2025-05-09,777988,ML,HOME,Arizona Diamondbacks,Los Angeles Dodgers,2025-05-09 23:55:00+00:00,HistoricalBasic,2025-05-09 23:59:00+00:00,True,-115.0,-115.0,-225.0,0.058693244739756345,WIN
2025,2025-05-10,777977,ML,HOME,Kansas City Royals,Boston Red Sox,2025-05-10 23:55:00+00:00,HistoricalBasic,2025-05-10 23:59:00+00:00,True,-120.0,-120.0,-220.0,0.045454545454545414,WIN
2025,2025-05-10,777983,ML,AWAY,Cleveland Guardians,Philadelphia Phillies,2025-05-10 23:55:00+00:00,HistoricalBasic,2025-05-10 23:59:00+00:00,True,-130.0,-130.0,-10.0,0.01976284584980237,WIN
2025,2025-05-12,777939,ML,AWAY,San Francisco Giants,Arizona Diamondbacks,2025-05-12 23:55:00+00:00,HistoricalBasic,2025-05-12 23:59:00+00:00,True,-118.0,-118.0,-13.0,0.029089281718505222,WIN
2025,2025-05-16,777903,ML,AWAY,Miami Marlins,Tampa Bay Rays,2025-05-16 23:55:00+00:00,HistoricalBasic,2025-05-16 23:59:00+00:00,True,-125.0,-125.0,-20.0,0.04336043360433606,WIN
2025,2025-05-23,777808,ML,HOME,New York Mets,Los Angeles Dodgers,2025-05-23 23:55:00+00:00,HistoricalBasic,2025-05-23 23:59:00+00:00,True,-120.0,-120.0,-15.0,0.03325942350332589,WIN
2025,2025-05-24,777803,ML,HOME,Atlanta Braves,San Diego Padres,2025-05-24 23:55:00+00:00,HistoricalBasic,2025-05-24 23:59:00+00:00,True,-155.0,-155.0,-260.0,0.12003825920612143,WIN
2025,2025-05-25,777775,ML,AWAY,Tampa Bay Rays,Toronto Blue Jays,2025-05-25 23:55:00+00:00,HistoricalBasic,2025-05-25 23:59:00+00:00,True,-110.0,-110.0,-8.0,0.01885902876001888,WIN
2025,2025-05-27,777747,ML,AWAY,Milwaukee Brewers,Boston Red Sox,2025-05-27 23:55:00+00:00,HistoricalBasic,2025-05-27 23:59:00+00:00,True,-110.0,-110.0,-210.0,0.023809523809523836,WIN
2025,2025-05-29,777723,ML,AWAY,Philadelphia Phillies,Atlanta Braves,2025-05-29 23:55:00+00:00,HistoricalBasic,2025-05-29 23:59:00+00:00,True,-120.0,-120.0,-10.0,0.021645021645021578,WIN
2025,2025-05-31,777698,ML,AWAY,Los Angeles Dodgers,New York Yankees,2025-05-31 23:55:00+00:00,HistoricalBasic,2025-05-31 23:59:00+00:00,True,-125.0,-125.0,-230.0,0.0677506775067751,WIN
2025,2025-06-06,777622,ML,AWAY,Cleveland Guardians,Houston Astros,2025-06-06 23:55:00+00:00,HistoricalBasic,2025-06-06 23:59:00+00:00,True,-130.0,-130.0,-230.0,0.06521739130434778,WIN
2025,2025-06-09,777581,ML,HOME,St. Louis Cardinals,Toronto Blue Jays,2025-06-09 23:55:00+00:00,HistoricalBasic,2025-06-09 23:59:00+00:00,True,-125.0,-125.0,-20.0,0.04336043360433606,WIN
2025,2025-06-10,777569,ML,AWAY,Cleveland Guardians,Cincinnati Reds,2025-06-10 23:55:00+00:00,HistoricalBasic,2025-06-10 23:59:00+00:00,True,-110.0,-110.0,-210.0,0.023809523809523836,WIN
2025,2025-06-10,777571,ML,AWAY,Philadelphia Phillies,Chicago Cubs,2025-06-10 23:55:00+00:00,HistoricalBasic,2025-06-10 23:59:00+00:00,True,-110.0,-110.0,-210.0,0.023809523809523836,WIN
2025,2025-06-10,777559,ML,HOME,Arizona Diamondbacks,Seattle Mariners,2025-06-10 23:55:00+00:00,HistoricalBasic,2025-06-10 23:59:00+00:00,True,-140.0,-140.0,-35.0,0.07113821138211385,WIN
2025,2025-06-11,777548,ML,HOME,Arizona Diamondbacks,Seattle Mariners,2025-06-11 23:55:00+00:00,HistoricalBasic,2025-06-11 23:59:00+00:00,True,-115.0,-115.0,-215.0,0.03488372093023251,WIN
2025,2025-06-11,777549,ML,AWAY,Cleveland Guardians,Cincinnati Reds,2025-06-11 23:55:00+00:00,HistoricalBasic,2025-06-11 23:59:00+00:00,True,-120.0,-120.0,-15.0,0.03325942350332589,WIN
2025,2025-06-13,777530,ML,AWAY,Washington Nationals,Miami Marlins,2025-06-13 23:55:00+00:00,HistoricalBasic,2025-06-13 23:59:00+00:00,True,-110.0,-110.0,-225.0,0.0586932447397564,WIN
2025,2025-06-13,777531,ML,AWAY,Philadelphia Phillies,Toronto Blue Jays,2025-06-13 23:55:00+00:00,HistoricalBasic,2025-06-13 23:59:00+00:00,True,-110.0,-110.0,-215.0,0.03600464576074336,WIN
2025,2025-06-14,777510,ML,AWAY,Houston Astros,Minnesota Twins,2025-06-14 23:55:00+00:00,HistoricalBasic,2025-06-14 23:59:00+00:00,True,-120.0,-120.0,-230.0,0.06926406926406925,WIN
2025,2025-06-16,777484,ML,AWAY,Tampa Bay Rays,Baltimore Orioles,2025-06-16 23:55:00+00:00,HistoricalBasic,2025-06-16 23:59:00+00:00,True,-110.0,-110.0,-215.0,0.03600464576074336,WIN
2025,2025-06-21,777423,ML,AWAY,Philadelphia Phillies,New York Mets,2025-06-21 23:55:00+00:00,HistoricalBasic,2025-06-21 23:59:00+00:00,True,-120.0,-120.0,-220.0,0.045454545454545414,WIN
2025,2025-06-21,777414,ML,HOME,Los Angeles Angels,Houston Astros,2025-06-21 23:55:00+00:00,HistoricalBasic,2025-06-21 23:59:00+00:00,True,-125.0,-125.0,-225.0,0.05555555555555558,WIN
2025,2025-06-22,777409,ML,AWAY,Tampa Bay Rays,Detroit Tigers,2025-06-22 23:55:00+00:00,HistoricalBasic,2025-06-22 23:59:00+00:00,True,-110.0,-110.0,-5.0,0.011614401858304313,WIN
2025,2025-06-22,777396,ML,HOME,San Diego Padres,Kansas City Royals,2025-06-22 23:55:00+00:00,HistoricalBasic,2025-06-22 23:59:00+00:00,True,-120.0,-120.0,-15.0,0.03325942350332589,WIN
2025,2025-06-23,777389,ML,AWAY,New York Mets,Atlanta Braves,2025-06-23 23:55:00+00:00,HistoricalBasic,2025-06-23 23:59:00+00:00,True,-150.0,-150.0,-25.0,0.0444444444444444,WIN
2025,2025-06-25,777361,ML,HOME,Milwaukee Brewers,Pittsburgh Pirates,2025-06-25 23:55:00+00:00,HistoricalBasic,2025-06-25 23:59:00+00:00,True,-110.0,-110.0,-5.0,0.011614401858304313,WIN
2025,2025-06-27,777340,ML,AWAY,Texas Rangers,Seattle Mariners,2025-06-27 23:55:00+00:00,HistoricalBasic,2025-06-27 23:59:00+00:00,True,-118.0,-118.0,-13.0,0.029089281718505222,WIN
2025,2025-06-29,777304,ML,AWAY,Kansas City Royals,Los Angeles Dodgers,2025-06-29 23:55:00+00:00,HistoricalBasic,2025-06-29 23:59:00+00:00,True,-120.0,-120.0,-15.0,0.03325942350332589,WIN
2025,2025-06-30,777299,ML,HOME,Pittsburgh Pirates,St. Louis Cardinals,2025-06-30 23:55:00+00:00,HistoricalBasic,2025-06-30 23:59:00+00:00,True,-110.0,-110.0,-215.0,0.03600464576074336,WIN
2025,2025-07-04,777239,ML,AWAY,San Diego Padres,Texas Rangers,2025-07-04 23:55:00+00:00,HistoricalBasic,2025-07-04 23:59:00+00:00,True,-115.0,-115.0,-215.0,0.03488372093023251,WIN
2025,2025-07-09,777163,ML,AWAY,San Francisco Giants,Philadelphia Phillies,2025-07-09 23:55:00+00:00,HistoricalBasic,2025-07-09 23:59:00+00:00,True,-130.0,-130.0,-255.0,0.12077294685990336,WIN
2025,2025-07-10,777158,ML,AWAY,San Diego Padres,Arizona Diamondbacks,2025-07-10 23:55:00+00:00,HistoricalBasic,2025-07-10 23:59:00+00:00,True,-125.0,-125.0,-240.0,0.09043927648578814,WIN
2025,2025-07-10,777156,ML,AWAY,Athletics,Atlanta Braves,2025-07-10 23:55:00+00:00,HistoricalBasic,2025-07-10 23:59:00+00:00,True,-200.0,-200.0,-70.0,0.10144927536231885,WIN
2025,2025-07-13,777115,ML,HOME,Los Angeles Angels,Arizona Diamondbacks,2025-07-13 23:55:00+00:00,HistoricalBasic,2025-07-13 23:59:00+00:00,True,-130.0,-130.0,-25.0,0.05302226935312826,WIN
2025,2025-07-18,777114,ML,HOME,Atlanta Braves,New York Yankees,2025-07-18 23:55:00+00:00,HistoricalBasic,2025-07-18 23:59:00+00:00,True,-135.0,-135.0,-235.0,0.07446808510638303,WIN
2025,2025-07-18,777098,ML,HOME,Texas Rangers,Detroit Tigers,2025-07-18 23:55:00+00:00,HistoricalBasic,2025-07-18 23:59:00+00:00,True,-115.0,-115.0,-220.0,0.04707884288145203,WIN
2025,2025-07-19,777081,ML,AWAY,Arizona Diamondbacks,St. Louis Cardinals,2025-07-19 23:55:00+00:00,HistoricalBasic,2025-07-19 23:59:00+00:00,True,-135.0,-135.0,-15.0,0.029013539651837617,WIN
2025,2025-07-20,777084,ML,AWAY,Cleveland Guardians,Athletics,2025-07-20 23:55:00+00:00,HistoricalBasic,2025-07-20 23:59:00+00:00,True,-110.0,-110.0,-230.0,0.0692640692640693,WIN
2025,2025-07-20,777077,ML,AWAY,Washington Nationals,San Diego Padres,2025-07-20 23:55:00+00:00,HistoricalBasic,2025-07-20 23:59:00+00:00,True,-125.0,-125.0,-10.0,0.02067183462532307,WIN
2025,2025-07-22,777058,ML,HOME,Atlanta Braves,San Francisco Giants,2025-07-22 23:55:00+00:00,HistoricalBasic,2025-07-22 23:59:00+00:00,True,-120.0,-120.0,-15.0,0.03325942350332589,WIN
2025,2025-07-26,776993,ML,AWAY,Texas Rangers,Atlanta Braves,2025-07-26 23:55:00+00:00,HistoricalBasic,2025-07-26 23:59:00+00:00,True,-110.0,-110.0,-215.0,0.03600464576074336,WIN
2025,2025-07-27,776989,ML,AWAY,Chicago White Sox,Chicago Cubs,2025-07-27 23:55:00+00:00,HistoricalBasic,2025-07-27 23:59:00+00:00,True,-175.0,-175.0,-345.0,0.265993265993266,WIN
2025,2025-07-27,776974,ML,AWAY,San Francisco Giants,New York Mets,2025-07-27 23:55:00+00:00,HistoricalBasic,2025-07-27 23:59:00+00:00,True,-125.0,-125.0,-250.0,0.11111111111111116,WIN
2025,2025-07-30,776929,ML,AWAY,Milwaukee Brewers,Chicago Cubs,2025-07-30 23:55:00+00:00,HistoricalBasic,2025-07-30 23:59:00+00:00,True,-158.0,-158.0,-52.0,0.09783999397907728,WIN
2025,2025-07-30,776931,ML,HOME,San Diego Padres,New York Mets,2025-07-30 23:55:00+00:00,HistoricalBasic,2025-07-30 23:59:00+00:00,True,-118.0,-118.0,-218.0,0.041284403669724745,WIN
2025,2025-07-31,776927,ML,AWAY,New York Yankees,Tampa Bay Rays,2025-07-31 23:55:00+00:00,HistoricalBasic,2025-07-31 23:59:00+00:00,True,-124.0,-124.0,-224.0,0.0535714285714286,WIN
2025,2025-08-01,776906,ML,HOME,San Diego Padres,St. Louis Cardinals,2025-08-01 23:55:00+00:00,HistoricalBasic,2025-08-01 23:59:00+00:00,True,-265.0,-265.0,-123.0,0.1392505377561417,WIN
2025,2025-08-01,776926,ML,HOME,New York Mets,San Francisco Giants,2025-08-01 23:55:00+00:00,HistoricalBasic,2025-08-01 23:59:00+00:00,True,-144.0,-144.0,-24.0,0.04470938897168408,WIN
2025,2025-08-01,776924,ML,HOME,Cleveland Guardians,Minnesota Twins,2025-08-01 23:55:00+00:00,HistoricalBasic,2025-08-01 23:59:00+00:00,True,-186.0,-186.0,-74.0,0.12204776355719749,WIN
2025,2025-08-02,776897,ML,HOME,Seattle Mariners,Texas Rangers,2025-08-02 23:55:00+00:00,HistoricalBasic,2025-08-02 23:59:00+00:00,True,-146.0,-146.0,-44.0,0.08854543990984465,WIN
2025,2025-08-02,776912,ML,AWAY,Philadelphia Phillies,Detroit Tigers,2025-08-02 23:55:00+00:00,HistoricalBasic,2025-08-02 23:59:00+00:00,True,-122.0,-122.0,-20.0,0.044599054500044644,WIN
2025,2025-08-03,776892,ML,AWAY,Cleveland Guardians,Minnesota Twins,2025-08-03 23:55:00+00:00,HistoricalBasic,2025-08-03 23:59:00+00:00,True,-320.0,-320.0,-456.0,0.33817594834543985,WIN
2025,2025-08-03,776907,ML,HOME,Cincinnati Reds,Atlanta Braves,2025-08-03 23:55:00+00:00,HistoricalBasic,2025-08-03 23:59:00+00:00,True,-122.0,-122.0,-236.0,0.08225982992338138,WIN
2025,2025-08-03,776881,ML,HOME,Athletics,Arizona Diamondbacks,2025-08-03 23:55:00+00:00,HistoricalBasic,2025-08-03 23:59:00+00:00,True,-130.0,-130.0,-238.0,0.084448160535117,WIN
2025,2025-08-04,776875,ML,HOME,Miami Marlins,Houston Astros,2025-08-04 23:55:00+00:00,HistoricalBasic,2025-08-04 23:59:00+00:00,True,-130.0,-130.0,-26.0,0.055413469735720366,WIN
2025,2025-08-05,776852,ML,HOME,Arizona Diamondbacks,San Diego Padres,2025-08-05 23:55:00+00:00,HistoricalBasic,2025-08-05 23:59:00+00:00,True,-122.0,-122.0,-238.0,0.08658658658658663,WIN
2025,2025-08-06,776850,ML,AWAY,Washington Nationals,Athletics,2025-08-06 23:55:00+00:00,HistoricalBasic,2025-08-06 23:59:00+00:00,True,-144.0,-144.0,-14.0,0.024946543121881715,WIN
2025,2025-08-08,776827,ML,AWAY,Minnesota Twins,Kansas City Royals,2025-08-08 23:55:00+00:00,HistoricalBasic,2025-08-08 23:59:00+00:00,True,-148.0,-148.0,-258.0,0.12058371735791096,WIN
2025,2025-08-08,776829,ML,AWAY,Pittsburgh Pirates,Cincinnati Reds,2025-08-08 23:55:00+00:00,HistoricalBasic,2025-08-08 23:59:00+00:00,True,-124.0,-124.0,-224.0,0.0535714285714286,WIN
2025,2025-08-09,776818,ML,AWAY,St. Louis Cardinals,Chicago Cubs,2025-08-09 23:55:00+00:00,HistoricalBasic,2025-08-09 23:59:00+00:00,True,-310.0,-310.0,-204.0,0.24153445417949326,WIN
2025,2025-08-09,776812,ML,HOME,Pittsburgh Pirates,Cincinnati Reds,2025-08-09 23:55:00+00:00,HistoricalBasic,2025-08-09 23:59:00+00:00,True,-108.0,-108.0,-208.0,0.019230769230769273,WIN
2025,2025-08-09,776817,ML,HOME,Milwaukee Brewers,New York Mets,2025-08-09 23:55:00+00:00,HistoricalBasic,2025-08-09 23:59:00+00:00,True,-116.0,-116.0,-216.0,0.03703703703703709,WIN
2025,2025-08-10,776799,ML,AWAY,Milwaukee Brewers,New York Mets,2025-08-10 23:55:00+00:00,HistoricalBasic,2025-08-10 23:59:00+00:00,True,-125.0,-125.0,-225.0,0.05555555555555558,WIN
2025,2025-08-12,776775,ML,AWAY,St. Louis Cardinals,Colorado Rockies,2025-08-12 23:55:00+00:00,HistoricalBasic,2025-08-12 23:59:00+00:00,True,-188.0,-188.0,-348.0,0.26816239316239315,WIN
2025,2025-08-12,776769,ML,AWAY,Houston Astros,Boston Red Sox,2025-08-12 23:55:00+00:00,HistoricalBasic,2025-08-12 23:59:00+00:00,True,-370.0,-370.0,-470.0,0.2872340425531915,WIN
2025,2025-08-12,776764,ML,HOME,Texas Rangers,Arizona Diamondbacks,2025-08-12 23:55:00+00:00,HistoricalBasic,2025-08-12 23:59:00+00:00,True,-330.0,-330.0,-188.0,0.18066500096098403,WIN
2025,2025-08-16,776711,ML,AWAY,San Francisco Giants,Tampa Bay Rays,2025-08-16 23:55:00+00:00,HistoricalBasic,2025-08-16 23:59:00+00:00,True,-112.0,-112.0,-216.0,0.038105808361080296,WIN
2025,2025-08-16,776720,ML,AWAY,Cleveland Guardians,Atlanta Braves,2025-08-16 23:55:00+00:00,HistoricalBasic,2025-08-16 23:59:00+00:00,True,-108.0,-108.0,-6.0,0.014280274181264319,WIN
2025,2025-08-17,776710,ML,HOME,Toronto Blue Jays,Texas Rangers,2025-08-17 23:55:00+00:00,HistoricalBasic,2025-08-17 23:59:00+00:00,True,-120.0,-120.0,-220.0,0.045454545454545414,WIN
2025,2025-08-20,776666,ML,HOME,Kansas City Royals,Texas Rangers,2025-08-20 23:55:00+00:00,HistoricalBasic,2025-08-20 23:59:00+00:00,True,-142.0,-142.0,-252.0,0.11058638331365611,WIN
2025,2025-08-21,776653,ML,AWAY,Minnesota Twins,Athletics,2025-08-21 23:55:00+00:00,HistoricalBasic,2025-08-21 23:59:00+00:00,True,-116.0,-116.0,-14.0,0.032086541987532136,WIN
2025,2025-08-24,776608,ML,HOME,Milwaukee Brewers,San Francisco Giants,2025-08-24 23:55:00+00:00,HistoricalBasic,2025-08-24 23:59:00+00:00,True,-140.0,-140.0,-245.0,0.0955284552845529,WIN
2025,2025-08-25,776598,ML,AWAY,New York Mets,Philadelphia Phillies,2025-08-25 23:55:00+00:00,HistoricalBasic,2025-08-25 23:59:00+00:00,True,-130.0,-130.0,-15.0,0.030333670374115274,WIN
2025,2025-08-26,776585,ML,HOME,New York Mets,Philadelphia Phillies,2025-08-26 23:55:00+00:00,HistoricalBasic,2025-08-26 23:59:00+00:00,True,-110.0,-110.0,-5.0,0.011614401858304313,WIN
2025,2025-08-31,776515,ML,AWAY,Toronto Blue Jays,Milwaukee Brewers,2025-08-31 23:55:00+00:00,HistoricalBasic,2025-08-31 23:59:00+00:00,True,-115.0,-115.0,-215.0,0.03488372093023251,WIN
2025,2025-09-07,776428,ML,AWAY,Atlanta Braves,Seattle Mariners,2025-09-07 23:55:00+00:00,HistoricalBasic,2025-09-07 23:59:00+00:00,True,-123.0,-123.0,-21.0,0.04661901167695248,WIN
2025,2025-09-07,776418,ML,AWAY,Texas Rangers,Houston Astros,2025-09-07 23:55:00+00:00,HistoricalBasic,2025-09-07 23:59:00+00:00,True,-154.0,-154.0,-24.0,0.04108182129407745,WIN
2025,2025-09-08,776413,ML,AWAY,Cleveland Guardians,Kansas City Royals,2025-09-08 23:55:00+00:00,HistoricalBasic,2025-09-08 23:59:00+00:00,True,-110.0,-110.0,-215.0,0.03600464576074336,WIN
2025,2025-09-08,776405,ML,AWAY,Philadelphia Phillies,New York Mets,2025-09-08 23:55:00+00:00,HistoricalBasic,2025-09-08 23:59:00+00:00,True,-130.0,-130.0,-25.0,0.05302226935312826,WIN
2025,2025-09-09,776402,ML,AWAY,Atlanta Braves,Chicago Cubs,2025-09-09 23:55:00+00:00,HistoricalBasic,2025-09-09 23:59:00+00:00,True,-115.0,-115.0,-10.0,0.022688598979012986,WIN
2025,2025-09-12,776360,ML,HOME,Atlanta Braves,Houston Astros,2025-09-12 23:55:00+00:00,HistoricalBasic,2025-09-12 23:59:00+00:00,True,-135.0,-135.0,-246.0,0.1005344358172835,WIN
2025,2025-09-12,776351,ML,AWAY,Washington Nationals,Pittsburgh Pirates,2025-09-12 23:55:00+00:00,HistoricalBasic,2025-09-12 23:59:00+00:00,True,-110.0,-110.0,-2.0,0.0045787545787545625,WIN
2025,2025-09-13,776338,ML,AWAY,Chicago Cubs,Tampa Bay Rays,2025-09-13 23:55:00+00:00,HistoricalBasic,2025-09-13 23:59:00+00:00,True,-110.0,-110.0,-210.0,0.023809523809523836,WIN
2025,2025-09-13,776336,ML,AWAY,Washington Nationals,Pittsburgh Pirates,2025-09-13 23:55:00+00:00,HistoricalBasic,2025-09-13 23:59:00+00:00,True,-110.0,-110.0,-210.0,0.023809523809523836,WIN
2025,2025-09-14,776320,ML,AWAY,Washington Nationals,Pittsburgh Pirates,2025-09-14 23:55:00+00:00,HistoricalBasic,2025-09-14 23:59:00+00:00,True,-120.0,-120.0,-15.0,0.03325942350332589,WIN
2025,2025-09-17,776279,ML,AWAY,Arizona Diamondbacks,San Francisco Giants,2025-09-17 23:55:00+00:00,HistoricalBasic,2025-09-17 23:59:00+00:00,True,-110.0,-110.0,-210.0,0.023809523809523836,WIN
2025,2025-09-17,776288,ML,HOME,New York Mets,San Diego Padres,2025-09-17 23:55:00+00:00,HistoricalBasic,2025-09-17 23:59:00+00:00,True,-130.0,-130.0,-15.0,0.030333670374115274,WIN
2025,2025-09-19,776262,ML,AWAY,Houston Astros,Seattle Mariners,2025-09-19 23:55:00+00:00,HistoricalBasic,2025-09-19 23:59:00+00:00,True,-110.0,-110.0,-5.0,0.011614401858304313,WIN
2025,2025-09-20,776248,ML,AWAY,Houston Astros,Seattle Mariners,2025-09-20 23:55:00+00:00,HistoricalBasic,2025-09-20 23:59:00+00:00,True,-110.0,-110.0,-210.0,0.023809523809523836,WIN
2025,2025-09-20,776243,ML,AWAY,Minnesota Twins,Cleveland Guardians,2025-09-20 23:55:00+00:00,HistoricalBasic,2025-09-20 23:59:00+00:00,True,-115.0,-115.0,-220.0,0.04707884288145203,WIN
2025,2025-09-22,776222,ML,AWAY,San Diego Padres,Milwaukee Brewers,2025-09-22 23:55:00+00:00,HistoricalBasic,2025-09-22 23:59:00+00:00,True,-115.0,-115.0,-225.0,0.058693244739756345,WIN
2025,2025-09-23,776209,ML,AWAY,Chicago Cubs,New York Mets,2025-09-23 23:55:00+00:00,HistoricalBasic,2025-09-23 23:59:00+00:00,True,-110.0,-110.0,-210.0,0.023809523809523836,WIN
2025,2025-09-23,776214,ML,AWAY,San Diego Padres,Milwaukee Brewers,2025-09-23 23:55:00+00:00,HistoricalBasic,2025-09-23 23:59:00+00:00,True,-130.0,-130.0,-28.0,0.06026689625484283,WIN
2025,2025-09-24,776196,ML,AWAY,San Francisco Giants,St. Louis Cardinals,2025-09-24 23:55:00+00:00,HistoricalBasic,2025-09-24 23:59:00+00:00,True,-115.0,-115.0,-225.0,0.058693244739756345,WIN
2025,2025-09-24,776204,ML,HOME,Cleveland Guardians,Detroit Tigers,2025-09-24 23:55:00+00:00,HistoricalBasic,2025-09-24 23:59:00+00:00,True,-150.0,-150.0,-30.0,0.054545454545454564,WIN
2025,2025-09-27,776160,ML,AWAY,Washington Nationals,Chicago White Sox,2025-09-27 23:55:00+00:00,HistoricalBasic,2025-09-27 23:59:00+00:00,True,-110.0,-110.0,-210.0,0.023809523809523836,WIN
