season,game_date,game_pk,game_type,home_team,away_team,home_team_id,away_team_id,venue_id,home_score,away_score,total_runs,home_run_diff,pred_home_score,pred_away_score,pred_total,pred_home_run_diff,pred_margin,model_train_end_season,game_date_odds,home_team_odds,away_team_odds,sportsbook,total_line,total_line_open,total_line_move,total_line_source,total_price_over,total_price_under,total_price_over_open,total_price_under_open,home_moneyline,away_moneyline,home_moneyline_open,away_moneyline_open,historical_odds_game_id,home_score_odds,away_score_odds,pred_home_win,actual_home_win,pred_winner,actual_winner,winner_correct,total_abs_error,margin_abs_error,pred_score,actual_score,odds_source_priority,source_event_id,sportsbook_count,home_probable_pitcher,away_probable_pitcher,home_rest_days,away_rest_days,home_games_last_3_days,away_games_last_3_days,home_travel_flag,away_travel_flag,home_pitcher_starts,home_starter_team_ra_l3,home_starter_team_run_diff_l3,home_starter_team_win_rate_l3,home_starter_recent_form_index,home_pitcher_team_ra_l5,home_pitcher_team_run_diff_l5,home_pitcher_team_ra_l10,home_pitcher_team_run_diff_l10,home_pitcher_team_ra_l20,home_pitcher_team_run_diff_l20,away_pitcher_starts,away_starter_team_ra_l3,away_starter_team_run_diff_l3,away_starter_team_win_rate_l3,away_starter_recent_form_index,away_pitcher_team_ra_l5,away_pitcher_team_run_diff_l5,away_pitcher_team_ra_l10,away_pitcher_team_run_diff_l10,away_pitcher_team_ra_l20,away_pitcher_team_run_diff_l20,park_games_tracked,park_total_runs_l50,park_home_score_l50,home_bullpen_ip_proxy_l3d,home_bullpen_fatigue_rate_l3d,away_bullpen_ip_proxy_l3d,away_bullpen_fatigue_rate_l3d,home_runs_scored_l7,home_runs_allowed_l7,home_run_diff_l7,home_game_total_l7,home_offense_index_l7,home_run_prevention_index_l7,home_runs_scored_l14,home_runs_allowed_l14,home_run_diff_l14,home_game_total_l14,home_offense_index_l14,home_run_prevention_index_l14,home_runs_scored_l30,home_runs_allowed_l30,home_run_diff_l30,home_game_total_l30,home_offense_index_l30,home_run_prevention_index_l30,home_offense_momentum_7v30,home_run_prevention_momentum_7v30,away_runs_scored_l7,away_runs_allowed_l7,away_run_diff_l7,away_game_total_l7,away_offense_index_l7,away_run_prevention_index_l7,away_runs_scored_l14,away_runs_allowed_l14,away_run_diff_l14,away_game_total_l14,away_offense_index_l14,away_run_prevention_index_l14,away_runs_scored_l30,away_runs_allowed_l30,away_run_diff_l30,away_game_total_l30,away_offense_index_l30,away_run_prevention_index_l30,away_offense_momentum_7v30,away_run_prevention_momentum_7v30,home_runs_scored_l5,home_runs_allowed_l5,away_runs_scored_l5,away_runs_allowed_l5,home_runs_scored_l10,home_runs_allowed_l10,away_runs_scored_l10,away_runs_allowed_l10,home_runs_scored_l20,home_runs_allowed_l20,away_runs_scored_l20,away_runs_allowed_l20,temperature_f,wind_mph,humidity_pct,home_sp_xFIP,away_sp_xFIP,home_sp_kbb,away_sp_kbb,home_wRC_plus_vs_hand,away_wRC_plus_vs_hand,combined_barrel_rate,bullpen_xFIP_diff,bullpen_fatigue_index,bullpen_fatigue_diff,starter_xFIP_diff,starter_kbb_diff,offense_wRC_plus_diff,team_offense_form_diff_l7,team_offense_form_diff_l14,team_offense_form_diff_l30,starter_recent_form_diff,park_run_factor,weather_run_index,model_total,opening_total,closing_total,actual_total,model_minus_open,model_vs_market_total_diff,abs_model_minus_open,opening_total_bucket,close_move,over_open_implied_probability,under_open_implied_probability,open_vig,side,open_edge,selected_open_price,selected_close_price,clv_result,target_clv_win,game_result,payout_per_unit,home_injury_count,away_injury_count,home_sp_injury_count,away_sp_injury_count,home_rp_injury_count,away_rp_injury_count,home_bat_injury_count,away_bat_injury_count,home_injury_severity_sum,away_injury_severity_sum,injury_count_diff,sp_injury_count_diff,rp_injury_count_diff,bat_injury_count_diff,injury_severity_diff,injury_count_diff_for_side,sp_injury_count_diff_for_side,rp_injury_count_diff_for_side,bat_injury_count_diff_for_side,injury_severity_diff_for_side,abs_close_move,line_moved_toward_side,line_movement_magnitude,expected_total_variance,team_plate_appearances_proxy,umpire_run_factor,umpire_strike_zone_index,home_bullpen_ip_proxy_l1d,away_bullpen_ip_proxy_l1d,home_bullpen_ip_proxy_l5d,away_bullpen_ip_proxy_l5d,home_bullpen_fatigue_rate_l1d,away_bullpen_fatigue_rate_l1d,home_bullpen_fatigue_rate_l5d,away_bullpen_fatigue_rate_l5d,ou_result_probability,edge_x_weather,edge_x_park,edge_x_bullpen_fatigue,starter_gap_x_wind,target_game_win,target_close_delta_for_side,total_bucket_group,ou_result_probability_formula,profit_units,expected_close_delta_for_side,ou_game_probability,ou_game_ev,rank_score,selection_tier,market,bet_odds_timestamp,close_odds_timestamp,game_start_time_utc,clv_locked_before_game,snapshot_mode,bet_snapshot_source,closing_snapshot_source,bet_line,close_line,clv_price_delta,clv_implied_probability_delta
2026,2026-03-26,823325,R,San Diego Padres,Detroit Tigers,135,116,2680,2,8,10,-6,4.363,4.686,8.738,-0.004,-0.323,,2026-03-26,San Diego Padres,Detroit Tigers,HistoricalBasic,7.0,7.0,0.0,close,-110.0,-110.0,-115.0,-105.0,105.0,-125.0,120.0,-145.0,4762389.0,2.0,8.0,False,False,Detroit Tigers,Detroit Tigers,True,1.262,5.677,"Detroit Tigers 4.7, San Diego Padres 4.4","Detroit Tigers 8, San Diego Padres 2",historical_basic,,,Nick Pivetta,Tarik Skubal,2,1,1,2,1,1,40,5.666666666666667,-0.6666666666666666,0.6666666666666666,-1.075,6.2,-1.0,4.7,0.4,3.9,0.65,160,3.0,1.6666666666666667,0.3333333333333333,2.192,3.0,0.2,3.5,-1.0,3.75,-0.6,100,8.0,4.54,3.0,3.05,6.0,4.45,5.714285714285714,6.428571428571429,-0.7142857142857144,12.142857142857142,126.984,142.857,5.785714285714286,7.0,-1.2142857142857144,12.785714285714285,128.571,145.0,5.833333333333333,5.766666666666667,0.0666666666666664,11.6,129.63,128.148,-0.119,0.662,5.428571428571429,4.142857142857143,1.2857142857142856,9.571428571428571,120.635,92.063,5.428571428571429,3.571428571428572,1.8571428571428568,9.0,120.635,79.365,5.033333333333333,4.333333333333333,0.7000000000000002,9.366666666666667,111.852,96.296,0.395,-0.19,3.6,6.6,4.8,4.4,5.5,5.5,6.1,3.8,6.45,6.0,5.0,4.0,,,,3.848,3.798,15.957,14.54,128.783,116.243,8.261,2.2,0.747,-1.4,0.05,1.417,12.54,6.349,7.936,17.778,-3.267,0.889,0.0,8.738,7.0,7.0,10,1.7379999999999995,1.7379999999999995,1.7379999999999995,7.0,0.0,0.5348837209302325,0.5121951219512195,0.04707884288145214,OVER,1.7379999999999995,-115.0,-110.0,PUSH,False,WIN,0.8695652173913043,0.0,0.0,0.0,0.0,0.0,0.0,0.0,0.0,0.0,0.0,0.0,0.0,0.0,0.0,0.0,0.0,0.0,0.0,0.0,0.0,0.0,0,0.0,2.565230952380952,47.10000000000001,1.0,0.0,0.0,0.0,0.0,0.0,0.0,0.0,0.0,0.0,0.7858281843672563,0.0,-0.19291799999999992,1.2982859999999996,,1,0.0,LOW,0.7858281843672563,0.8695652173913043,0.24825146237731305,0.5862458744163225,0.09602489564790717,0.248251,STRICT,OU,2026-03-26 12:00:00+00:00,2026-03-26 23:55:00+00:00,2026-03-26 23:59:00+00:00,True,historical_backtest,HistoricalBasic,HistoricalBasic,7.0,7.0,0.0,
2026,2026-03-28,823892,R,Miami Marlins,Colorado Rockies,146,115,4169,4,3,7,1,4.713,3.686,8.669,2.428,1.027,,2026-03-28,Miami Marlins,Colorado Rockies,HistoricalBasic,7.5,7.5,0.0,close,100.0,-120.0,-115.0,-105.0,-200.0,165.0,-185.0,154.0,4762409.0,4.0,3.0,True,True,Miami Marlins,Miami Marlins,True,1.669,0.027,"Colorado Rockies 3.7, Miami Marlins 4.7","Colorado Rockies 3, Miami Marlins 4",historical_basic,,,Eury Pérez,Michael Lorenzen,0,0,1,1,0,0,49,4.0,0.0,0.3333333333333333,0.175,5.4,-1.8,5.2,-1.1,5.1,0.15,4,10.333333333333334,-4.666666666666667,0.3333333333333333,-6.708,8.75,-3.25,8.75,-3.25,8.75,-3.25,100,8.18,3.86,3.0,2.35,3.0,2.7,4.142857142857143,3.857142857142857,0.285714285714286,8.0,92.063,85.714,3.357142857142857,4.0,-0.6428571428571428,7.357142857142858,74.603,88.889,3.3,4.033333333333333,-0.7333333333333334,7.333333333333333,73.333,89.63,0.843,-0.176,6.571428571428571,6.571428571428571,0.0,13.142857142857142,145.0,145.0,6.428571428571429,6.428571428571429,0.0,12.857142857142858,142.857,142.857,6.3,6.9,-0.6000000000000005,13.2,140.0,145.0,0.271,-0.329,4.0,3.4,5.2,5.8,4.0,3.6,6.5,6.8,2.95,3.35,6.3,6.55,,,,5.088,7.2,13.123,3.0,77.46,142.063,7.591,-2.4,0.316,-0.35,-2.112,10.123,-64.603,-52.937,-68.254,-66.667,6.883,0.909,0.0,8.669,7.5,7.5,7,1.1690000000000005,1.1690000000000005,1.1690000000000005,7.5,0.0,0.5348837209302325,0.5121951219512195,0.04707884288145214,OVER,1.1690000000000005,-115.0,100.0,PUSH,False,LOSS,0.8695652173913043,0.0,0.0,0.0,0.0,0.0,0.0,0.0,0.0,0.0,0.0,0.0,0.0,0.0,0.0,0.0,0.0,0.0,0.0,0.0,0.0,0.0,0,0.0,1.2047666666666663,41.1,1.0,0.0,0.0,0.0,0.0,0.0,0.0,0.0,0.0,0.0,0.7353039038747802,0.0,-0.10637900000000002,0.3694040000000002,,0,0.0,LOW,0.7353039038747802,-1.0,0.22370942826019802,0.5950119813277636,0.11241370422147101,0.223709,STRICT,OU,2026-03-28 12:00:00+00:00,2026-03-28 23:55:00+00:00,2026-03-28 23:59:00+00:00,True,historical_backtest,HistoricalBasic,HistoricalBasic,7.5,7.5,0.0,
2026,2026-03-28,823488,R,Philadelphia Phillies,Texas Rangers,143,140,2681,4,5,9,-1,6.71,4.997,9.484,0.066,1.713,,2026-03-28,Philadelphia Phillies,Texas Rangers,HistoricalBasic,7.5,7.5,0.0,close,-110.0,-110.0,-118.0,-102.0,-150.0,125.0,-120.0,100.0,4762407.0,4.0,5.0,True,False,Philadelphia Phillies,Texas Rangers,False,0.484,2.713,"Texas Rangers 5.0, Philadelphia Phillies 6.7","Texas Rangers 5, Philadelphia Phillies 4",historical_basic,,,Aaron Nola,Jacob Latz,1,1,1,1,0,0,345,4.333333333333333,0.6666666666666666,0.3333333333333333,0.725,3.2,2.0,4.0,1.5,4.85,0.05,16,7.333333333333333,-1.3333333333333333,0.3333333333333333,-2.325,6.4,-0.2,4.8,1.5,5.0,0.5625,100,9.08,5.56,3.0,3.05,3.0,3.75,4.142857142857143,5.0,-0.8571428571428568,9.142857142857142,92.063,111.111,4.571428571428571,5.0,-0.4285714285714288,9.571428571428571,101.587,111.111,4.8,5.133333333333334,-0.3333333333333339,9.933333333333334,106.667,114.074,-0.657,-0.133,4.857142857142857,4.571428571428571,0.2857142857142856,9.428571428571429,107.937,101.587,6.357142857142857,4.142857142857143,2.214285714285713,10.5,141.27,92.063,6.266666666666667,4.433333333333334,1.833333333333333,10.7,139.259,98.519,-1.41,0.138,3.8,6.0,3.6,3.6,3.7,4.9,6.2,4.1,4.8,5.0,6.7,4.6,,,,4.846,4.955,13.438,13.859,102.222,133.598,8.271,2.4,0.425,-0.7,-0.109,-0.421,-31.376,-15.874,-39.683,-32.592,3.05,1.009,0.0,9.484,7.5,7.5,9,1.984,1.984,1.984,7.5,0.0,0.5412844036697247,0.504950495049505,0.04623489871922981,OVER,1.984,-118.0,-110.0,PUSH,False,WIN,0.847457627118644,0.0,0.0,0.0,0.0,0.0,0.0,0.0,0.0,0.0,0.0,0.0,0.0,0.0,0.0,0.0,0.0,0.0,0.0,0.0,0.0,0.0,0,0.0,1.4952547619047618,45.9,1.0,0.0,0.0,0.0,0.0,0.0,0.0,0.0,0.0,0.0,0.847361347379781,0.0,0.017855999999999796,0.8432,,1,0.0,LOW,0.847361347379781,0.847457627118644,0.20382061877415086,0.5467675965115186,0.01012996643653441,0.203821,STRICT,OU,2026-03-28 12:00:00+00:00,2026-03-28 23:55:00+00:00,2026-03-28 23:59:00+00:00,True,historical_backtest,HistoricalBasic,HistoricalBasic,7.5,7.5,0.0,
2026,2026-03-29,823891,R,Miami Marlins,Colorado Rockies,146,115,4169,4,3,7,1,4.667,3.763,8.356,2.345,0.904,,2026-03-29,Miami Marlins,Colorado Rockies,HistoricalBasic,8.0,7.5,0.5,close,-105.0,-115.0,-120.0,100.0,-190.0,155.0,-190.0,155.0,4762424.0,4.0,3.0,True,True,Miami Marlins,Miami Marlins,True,1.356,0.096,"Colorado Rockies 3.8, Miami Marlins 4.7","Colorado Rockies 3, Miami Marlins 4",historical_basic,,,Max Meyer,Jose Quintana,0,0,2,2,0,0,33,3.333333333333333,-1.0,0.3333333333333333,-0.592,4.0,-1.2,4.6,0.0,4.7,-0.9,3,7.333333333333333,1.3333333333333333,0.6666666666666666,0.342,7.333333333333333,1.3333333333333333,7.333333333333333,1.3333333333333333,7.333333333333333,1.3333333333333333,100,8.22,3.9,6.0,2.7,6.0,3.05,4.142857142857143,3.571428571428572,0.5714285714285716,7.714285714285715,92.063,79.365,3.642857142857143,3.571428571428572,0.0714285714285711,7.214285714285714,80.952,79.365,3.3,4.133333333333334,-0.8333333333333339,7.433333333333334,73.333,91.852,0.843,-0.562,5.428571428571429,5.142857142857143,0.2857142857142856,10.571428571428571,120.635,114.286,5.714285714285714,6.571428571428571,-0.8571428571428568,12.285714285714285,126.984,145.0,6.233333333333333,6.9,-0.666666666666667,13.133333333333333,138.519,145.0,-0.805,-1.757,4.2,3.6,4.8,5.4,4.0,3.8,6.3,6.6,3.05,3.35,5.9,6.45,,,,4.772,7.2,12.425,10.7,79.365,131.481,7.497,-1.8,0.719,-0.35,-2.428,1.725,-52.116,-28.572,-46.032,-65.186,-0.934,0.913,0.0,8.356,7.5,8.0,7,0.8559999999999999,0.8559999999999999,0.8559999999999999,7.5,0.5,0.5454545454545454,0.5,0.045454545454545414,OVER,0.8559999999999999,-120.0,-105.0,WIN,True,LOSS,0.8333333333333334,0.0,0.0,0.0,0.0,0.0,0.0,0.0,0.0,0.0,0.0,0.0,0.0,0.0,0.0,0.0,0.0,0.0,0.0,0.0,0.0,0.5,1,0.5,1.9961166666666674,39.300000000000004,1.0,0.0,0.0,0.0,0.0,0.0,0.0,0.0,0.0,0.0,0.6610794060924625,0.0,-0.07447199999999995,0.6154639999999999,,0,0.5,LOW,0.6610794060924625,-1.0,0.16771274368499864,0.5523341003284272,0.012612517268783263,0.167713,BACKFILL,OU,2026-03-29 12:00:00+00:00,2026-03-29 23:55:00+00:00,2026-03-29 23:59:00+00:00,True,historical_backtest,HistoricalBasic,HistoricalBasic,7.5,8.0,0.5,
2026,2026-03-30,823809,R,Milwaukee Brewers,Tampa Bay Rays,158,139,32,2,3,5,-1,5.671,4.093,10.037,1.221,1.578,,2026-03-30,Milwaukee Brewers,Tampa Bay Rays,HistoricalBasic,8.0,8.0,0.0,close,-110.0,-110.0,-110.0,-110.0,-165.0,140.0,-140.0,118.0,4762439.0,2.0,3.0,True,False,Milwaukee Brewers,Tampa Bay Rays,False,5.037,2.578,"Tampa Bay Rays 4.1, Milwaukee Brewers 5.7","Tampa Bay Rays 3, Milwaukee Brewers 2",historical_basic,,,Kyle Harrison,Nick Martinez,0,0,2,2,0,1,3,6.666666666666667,-2.333333333333333,0.3333333333333333,-3.092,6.666666666666667,-2.333333333333333,6.666666666666667,-2.333333333333333,6.666666666666667,-2.333333333333333,4,10.0,-8.0,0.0,-9.925,10.5,-8.25,10.5,-8.25,10.5,-8.25,100,9.46,5.84,6.0,3.4,6.0,4.275,6.857142857142857,3.571428571428572,3.285714285714285,10.428571428571429,145.0,79.365,7.5,4.857142857142857,2.6428571428571432,12.357142857142858,145.0,107.937,6.3,4.8,1.5,11.1,140.0,106.667,0.557,-1.229,5.142857142857143,5.857142857142857,-0.7142857142857135,11.0,114.286,130.159,4.642857142857143,5.5,-0.8571428571428568,10.142857142857142,103.175,122.222,4.2,5.366666666666666,-1.166666666666666,9.566666666666666,93.333,119.259,0.943,0.49,8.4,2.4,6.4,5.0,6.9,4.1,4.2,5.2,6.4,4.8,4.3,5.25,,,,6.853,7.2,6.95,3.0,145.0,100.476,8.263,-2.2,0.959,-0.875,-0.347,3.95,44.524,30.714,41.825,46.667,6.833,1.051,0.0,10.037,8.0,8.0,5,2.037000000000001,2.037000000000001,2.037000000000001,8.0,0.0,0.5238095238095238,0.5238095238095238,0.04761904761904767,OVER,2.037000000000001,-110.0,-110.0,PUSH,False,LOSS,0.9090909090909091,0.0,0.0,0.0,0.0,0.0,0.0,0.0,0.0,0.0,0.0,0.0,0.0,0.0,0.0,0.0,0.0,0.0,0.0,0.0,0.0,0.0,0,0.0,2.8993833333333336,51.0,1.0,0.0,0.0,0.0,0.0,0.0,0.0,0.0,0.0,0.0,0.8153174306884656,0.0,0.10388699999999991,1.9534830000000007,,0,0.0,NORMAL,0.8153174306884656,-1.0,0.3037547563994265,0.5282516648807111,0.008480451135902956,0.303755,STRICT,OU,2026-03-30 12:00:00+00:00,2026-03-30 23:55:00+00:00,2026-03-30 23:59:00+00:00,True,historical_backtest,HistoricalBasic,HistoricalBasic,8.0,8.0,0.0,
2026,2026-03-31,824699,R,Chicago Cubs,Los Angeles Angels,112,108,17,0,2,2,-2,5.01,5.418,9.27,0.235,-0.408,,2026-03-31,Chicago Cubs,Los Angeles Angels,HistoricalBasic,7.0,7.0,0.0,close,-105.0,-115.0,-115.0,-105.0,-145.0,120.0,-150.0,125.0,4762453.0,0.0,2.0,False,False,Los Angeles Angels,Los Angeles Angels,True,7.27,1.592,"Los Angeles Angels 5.4, Chicago Cubs 5.0","Los Angeles Angels 2, Chicago Cubs 0",historical_basic,,,Jameson Taillon,José Soriano,0,0,3,3,0,0,96,12.333333333333334,-6.0,0.0,-8.742,11.8,-6.4,6.7,-2.2,4.9,-0.45,65,1.0,2.0,1.0,3.225,4.4,-1.2,4.8,-1.3,5.4,-1.1,100,8.14,4.6,9.0,3.167,9.0,5.15,7.714285714285714,4.857142857142857,2.8571428571428577,12.571428571428571,145.0,107.937,7.0,6.214285714285714,0.7857142857142856,13.214285714285715,145.0,138.095,5.833333333333333,5.866666666666666,-0.0333333333333332,11.7,129.63,130.37,1.881,-1.01,5.285714285714286,5.142857142857143,0.1428571428571423,10.428571428571429,117.46,114.286,4.785714285714286,5.214285714285714,-0.4285714285714288,10.0,106.349,115.873,4.9,5.166666666666667,-0.2666666666666666,10.066666666666666,108.889,114.815,0.386,-0.024,5.4,5.6,5.4,5.8,6.9,4.9,5.0,5.5,6.35,6.2,4.8,4.8,,,,4.936,5.488,12.672,10.895,145.0,109.841,8.24,-0.2,1.559,-1.983,-0.552,1.777,35.159,27.54,38.651,20.741,-11.967,0.904,0.0,9.27,7.0,7.0,2,2.2699999999999996,2.2699999999999996,2.2699999999999996,7.0,0.0,0.5348837209302325,0.5121951219512195,0.04707884288145214,OVER,2.2699999999999996,-115.0,-105.0,PUSH,False,LOSS,0.8695652173913043,0.0,0.0,0.0,0.0,0.0,0.0,0.0,0.0,0.0,0.0,0.0,0.0,0.0,0.0,0.0,0.0,0.0,0.0,0.0,0.0,0.0,0,0.0,2.7947023809523825,49.5,1.0,0.0,0.0,0.0,0.0,0.0,0.0,0.0,0.0,0.0,0.8439120800406581,0.0,-0.2179199999999999,3.5389299999999992,,0,0.0,LOW,0.8439120800406581,-1.0,0.29361922352396297,0.5888390124287168,0.1008729362797749,0.293619,STRICT,OU,2026-03-31 12:00:00+00:00,2026-03-31 23:55:00+00:00,2026-03-31 23:59:00+00:00,True,historical_backtest,HistoricalBasic,HistoricalBasic,7.0,7.0,0.0,
2026,2026-03-31,824212,R,Houston Astros,Boston Red Sox,117,111,2392,9,2,11,7,4.476,3.831,8.633,0.825,0.645,,2026-03-31,Houston Astros,Boston Red Sox,HistoricalBasic,7.5,7.5,0.0,close,-110.0,-110.0,-115.0,-105.0,-140.0,125.0,-150.0,125.0,4762455.0,9.0,2.0,True,True,Houston Astros,Houston Astros,True,2.367,6.355,"Boston Red Sox 3.8, Houston Astros 4.5","Boston Red Sox 2, Houston Astros 9",historical_basic,,,Hunter Brown,Brayan Bello,0,0,3,3,0,0,112,4.333333333333333,-2.6666666666666665,0.0,-2.608,3.4,-1.0,3.2,-0.3,3.55,-0.35,107,9.0,-4.666666666666667,0.3333333333333333,-6.242,8.2,-2.8,6.5,-1.8,4.9,-0.05,100,8.54,3.74,9.0,3.983,9.0,3.983,6.428571428571429,4.571428571428571,1.8571428571428577,11.0,142.857,101.587,5.142857142857143,4.214285714285714,0.9285714285714288,9.357142857142858,114.286,93.651,4.633333333333334,3.6,1.0333333333333337,8.233333333333334,102.963,80.0,1.795,0.971,4.142857142857143,6.285714285714286,-2.1428571428571423,10.428571428571429,92.063,139.683,3.2857142857142856,5.0,-1.7142857142857144,8.285714285714285,73.016,111.111,4.3,5.8,-1.5,10.1,95.556,128.889,-0.157,0.486,6.0,5.2,3.4,6.4,5.8,4.7,3.4,5.4,5.35,3.95,3.7,5.15,,,,3.578,4.904,15.238,13.212,114.339,88.095,7.455,-1.2,1.494,0.0,-1.326,2.026,26.244,50.794,41.27,7.407,3.634,0.949,0.0,8.633,7.5,7.5,11,1.1329999999999991,1.1329999999999991,1.1329999999999991,7.5,0.0,0.5348837209302325,0.5121951219512195,0.04707884288145214,OVER,1.1329999999999991,-115.0,-110.0,PUSH,False,WIN,0.8695652173913043,0.0,0.0,0.0,0.0,0.0,0.0,0.0,0.0,0.0,0.0,0.0,0.0,0.0,0.0,0.0,0.0,0.0,0.0,0.0,0.0,0.0,0,0.0,4.057095238095238,35.400000000000006,1.0,0.0,0.0,0.0,0.0,0.0,0.0,0.0,0.0,0.0,0.6740571273849761,0.0,-0.05778300000000001,1.6927019999999986,,1,0.0,LOW,0.6740571273849761,0.8695652173913043,0.15662821296187462,0.5638099959677659,0.05407955767886674,0.156628,BACKFILL,OU,2026-03-31 12:00:00+00:00,2026-03-31 23:55:00+00:00,2026-03-31 23:59:00+00:00,True,historical_backtest,HistoricalBasic,HistoricalBasic,7.5,7.5,0.0,
2026,2026-04-01,823806,R,Milwaukee Brewers,Tampa Bay Rays,158,139,32,8,2,10,6,5.09,4.106,9.374,1.03,0.984,,2026-04-01,Milwaukee Brewers,Tampa Bay Rays,HistoricalBasic,7.0,7.0,0.0,close,-110.0,-110.0,-115.0,-105.0,-135.0,115.0,-145.0,120.0,4762467.0,8.0,2.0,True,True,Milwaukee Brewers,Milwaukee Brewers,True,0.626,5.016,"Tampa Bay Rays 4.1, Milwaukee Brewers 5.1","Tampa Bay Rays 2, Milwaukee Brewers 8",historical_basic,,,Jacob Misiorowski,Drew Rasmussen,0,0,3,3,0,0,21,4.666666666666667,5.0,0.6666666666666666,4.942,5.6,1.0,6.0,1.2,4.8,2.3,96,8.0,-3.0,0.0,-4.225,6.0,-2.0,5.8,-1.4,4.7,-0.3,100,9.3,5.7,9.0,3.4,9.0,3.75,7.142857142857143,2.4285714285714284,4.714285714285715,9.571428571428571,145.0,55.0,7.428571428571429,4.428571428571429,3.0,11.857142857142858,145.0,98.413,5.8,4.566666666666666,1.2333333333333334,10.366666666666667,128.889,101.481,1.343,-2.138,5.285714285714286,4.714285714285714,0.5714285714285712,10.0,117.46,104.762,3.928571428571429,5.142857142857143,-1.2142857142857149,9.071428571428571,87.302,114.286,4.1,5.266666666666667,-1.166666666666667,9.366666666666667,91.111,117.037,1.186,-0.552,7.4,3.0,5.6,6.0,6.3,3.8,4.3,4.9,6.15,4.85,4.55,5.4,,,,4.616,4.724,16.565,13.235,145.0,95.238,8.179,-3.0,1.341,-0.35,-0.108,3.33,49.762,27.54,57.698,37.778,9.167,1.033,0.0,9.374,7.0,7.0,10,2.3740000000000006,2.3740000000000006,2.3740000000000006,7.0,0.0,0.5348837209302325,0.5121951219512195,0.04707884288145214,OVER,2.3740000000000006,-115.0,-110.0,PUSH,False,WIN,0.8695652173913043,0.0,0.0,0.0,0.0,0.0,0.0,0.0,0.0,0.0,0.0,0.0,0.0,0.0,0.0,0.0,0.0,0.0,0.0,0.0,0.0,0.0,0,0.0,2.9388642857142866,47.7,1.0,0.0,0.0,0.0,0.0,0.0,0.0,0.0,0.0,0.0,0.8513368976390334,0.0,0.07834199999999983,3.1835340000000008,,1,0.0,LOW,0.8513368976390334,0.8695652173913043,0.35756323656718825,0.5388531770458106,0.007421157085645891,0.357563,STRICT,OU,2026-04-01 12:00:00+00:00,2026-04-01 23:55:00+00:00,2026-04-01 23:59:00+00:00,True,historical_backtest,HistoricalBasic,HistoricalBasic,7.0,7.0,0.0,
2026,2026-04-01,823889,R,Miami Marlins,Chicago White Sox,146,145,4169,10,0,10,10,4.448,4.029,8.594,0.888,0.419,,2026-04-01,Miami Marlins,Chicago White Sox,HistoricalBasic,7.5,7.5,0.0,close,-105.0,-115.0,-118.0,-102.0,-150.0,125.0,-150.0,125.0,4762465.0,10.0,0.0,True,True,Miami Marlins,Miami Marlins,True,1.406,9.581,"Chicago White Sox 4.0, Miami Marlins 4.4","Chicago White Sox 0, Miami Marlins 10",historical_basic,,,Sandy Alcantara,Shane Smith,0,0,3,3,0,0,203,3.0,0.6666666666666666,0.6666666666666666,1.192,5.0,-0.8,4.1,1.0,4.7,-0.15,38,9.666666666666666,-5.666666666666667,0.0,-7.475,7.8,-3.2,5.6,-0.4,5.3,-0.9,100,8.38,4.0,9.0,3.633,9.0,4.567,4.428571428571429,4.0,0.4285714285714288,8.428571428571429,98.413,88.889,4.357142857142857,3.7857142857142856,0.5714285714285712,8.142857142857142,96.825,84.127,3.4,3.8666666666666663,-0.4666666666666668,7.266666666666667,75.556,85.926,1.029,0.133,4.571428571428571,8.0,-3.428571428571429,12.571428571428571,101.587,145.0,4.571428571428571,7.357142857142857,-2.7857142857142856,11.928571428571429,101.587,145.0,4.833333333333333,5.7,-0.8666666666666671,10.533333333333331,107.407,126.667,-0.262,2.3,4.6,3.6,4.2,8.4,4.6,3.9,4.6,7.3,3.7,4.0,5.05,6.6,,,,4.712,5.372,13.438,11.345,86.508,104.497,7.348,-3.9,1.537,-0.934,-0.66,2.093,-17.989,-3.174,-4.762,-31.851,8.667,0.931,0.0,8.594,7.5,7.5,10,1.0939999999999994,1.0939999999999994,1.0939999999999994,7.5,0.0,0.5412844036697247,0.504950495049505,0.04623489871922981,OVER,1.0939999999999994,-118.0,-105.0,PUSH,False,WIN,0.847457627118644,0.0,0.0,0.0,0.0,0.0,0.0,0.0,0.0,0.0,0.0,0.0,0.0,0.0,0.0,0.0,0.0,0.0,0.0,0.0,0.0,0.0,0,0.0,3.390478571428573,37.49999999999999,1.0,0.0,0.0,0.0,0.0,0.0,0.0,0.0,0.0,0.0,0.6774706695528343,0.0,-0.0754859999999999,1.681477999999999,,1,0.0,LOW,0.6774706695528343,0.847457627118644,0.23141032643822618,0.6226159544034459,0.15025659372839995,0.23141,STRICT,OU,2026-04-01 12:00:00+00:00,2026-04-01 23:55:00+00:00,2026-04-01 23:59:00+00:00,True,historical_backtest,HistoricalBasic,HistoricalBasic,7.5,7.5,0.0,
2026,2026-04-01,824536,R,Cincinnati Reds,Pittsburgh Pirates,113,134,2602,3,8,11,-5,4.47,4.757,8.979,-0.41,-0.287,,2026-04-01,Cincinnati Reds,Pittsburgh Pirates,HistoricalBasic,7.5,7.5,0.0,close,-105.0,-115.0,-115.0,-105.0,118.0,-140.0,125.0,-150.0,4762462.0,3.0,8.0,False,False,Pittsburgh Pirates,Pittsburgh Pirates,True,2.021,4.713,"Pittsburgh Pirates 4.8, Cincinnati Reds 4.5","Pittsburgh Pirates 8, Cincinnati Reds 3",historical_basic,,,Andrew Abbott,Paul Skenes,0,0,3,3,0,0,87,7.0,-1.3333333333333333,0.3333333333333333,-2.208,6.0,-0.8,5.3,-1.0,5.1,-1.3,64,5.666666666666667,-0.3333333333333333,0.3333333333333333,-0.742,4.8,-0.6,3.3,0.7,3.3,0.35,100,8.46,4.38,9.0,3.167,9.0,2.933,2.2857142857142856,4.428571428571429,-2.1428571428571432,6.714285714285714,55.0,98.413,4.214285714285714,6.142857142857143,-1.9285714285714288,10.357142857142858,93.651,136.508,5.8,6.133333333333334,-0.3333333333333339,11.933333333333334,128.889,136.296,-3.514,-1.705,3.7142857142857135,4.857142857142857,-1.1428571428571423,8.571428571428571,82.54,107.937,3.142857142857143,5.142857142857143,-2.0000000000000004,8.285714285714286,69.841,114.286,4.433333333333334,4.7,-0.2666666666666666,9.133333333333333,98.519,104.444,-0.719,0.157,2.8,3.6,4.2,4.6,3.7,5.2,3.7,5.0,4.2,5.4,4.0,5.1,,,,5.204,3.272,11.165,16.633,102.698,86.72,7.015,-1.0,1.144,0.234,1.932,-5.468,15.978,-27.54,23.81,30.37,-1.466,0.94,0.0,8.979,7.5,7.5,11,1.4789999999999992,1.4789999999999992,1.4789999999999992,7.5,0.0,0.5348837209302325,0.5121951219512195,0.04707884288145214,OVER,1.4789999999999992,-115.0,-105.0,PUSH,False,WIN,0.8695652173913043,0.0,0.0,0.0,0.0,0.0,0.0,0.0,0.0,0.0,0.0,0.0,0.0,0.0,0.0,0.0,0.0,0.0,0.0,0.0,0.0,0.0,0,0.0,3.411309523809522,30.900000000000002,1.0,0.0,0.0,0.0,0.0,0.0,0.0,0.0,0.0,0.0,0.7328969361751213,0.0,-0.08874000000000003,1.691975999999999,,1,0.0,LOW,0.7328969361751213,0.8695652173913043,0.20710628704225595,0.6138978626116545,0.14772209096961486,0.207106,STRICT,OU,2026-04-01 12:00:00+00:00,2026-04-01 23:55:00+00:00,2026-04-01 23:59:00+00:00,True,historical_backtest,HistoricalBasic,HistoricalBasic,7.5,7.5,0.0,
2026,2026-04-03,824377,R,Colorado Rockies,Philadelphia Phillies,115,143,19,1,10,11,-9,5.298,5.815,11.328,-0.368,-0.517,,2026-04-03,Colorado Rockies,Philadelphia Phillies,HistoricalBasic,10.0,10.0,0.0,close,-115.0,-105.0,-115.0,-105.0,160.0,-190.0,155.0,-200.0,4762485.0,1.0,10.0,False,False,Philadelphia Phillies,Philadelphia Phillies,True,0.328,8.483,"Philadelphia Phillies 5.8, Colorado Rockies 5.3","Philadelphia Phillies 10, Colorado Rockies 1",historical_basic,,,Michael Lorenzen,Aaron Nola,1,1,2,2,1,1,5,6.333333333333333,-0.6666666666666666,0.3333333333333333,-1.308,7.8,-2.8,7.8,-2.8,7.8,-2.8,346,5.333333333333333,-2.333333333333333,0.0,-2.625,4.0,1.4,4.1,-0.1,4.95,0.1,100,11.9,5.0,6.0,3.05,6.0,3.225,4.571428571428571,4.571428571428571,0.0,9.142857142857142,101.587,101.587,5.928571428571429,5.785714285714286,0.1428571428571432,11.714285714285715,131.746,128.571,5.733333333333333,6.833333333333333,-1.0999999999999996,12.566666666666666,127.407,145.0,-1.162,-2.262,3.2857142857142856,6.142857142857143,-2.8571428571428577,9.428571428571429,73.016,136.508,3.928571428571429,5.785714285714286,-1.8571428571428568,9.714285714285714,87.302,128.571,4.7,5.533333333333333,-0.833333333333333,10.233333333333334,104.444,122.963,-1.414,0.61,4.6,3.8,3.6,6.6,4.9,4.8,3.7,6.3,6.2,5.8,4.25,5.4,,,,7.2,4.942,4.28,13.325,123.545,93.016,8.343,-2.8,0.784,-0.175,2.258,-9.045,30.529,28.571,44.444,22.963,1.317,1.322,0.0,11.328,10.0,10.0,11,1.3279999999999994,1.3279999999999994,1.3279999999999994,10.0,0.0,0.5348837209302325,0.5121951219512195,0.04707884288145214,OVER,1.3279999999999994,-115.0,-115.0,PUSH,False,WIN,0.8695652173913043,0.0,0.0,0.0,0.0,0.0,0.0,0.0,0.0,0.0,0.0,0.0,0.0,0.0,0.0,0.0,0.0,0.0,0.0,0.0,0.0,0.0,0,0.0,2.401728571428572,41.400000000000006,1.0,0.0,0.0,0.0,0.0,0.0,0.0,0.0,0.0,0.0,0.7309639035578396,0.0,0.4276159999999999,1.0411519999999996,,1,0.0,HIGH,0.7309639035578396,0.8695652173913043,0.2757207596888763,0.5853073703134445,0.09427030102078748,0.275721,STRICT,OU,2026-04-03 12:00:00+00:00,2026-04-03 23:55:00+00:00,2026-04-03 23:59:00+00:00,True,historical_backtest,HistoricalBasic,HistoricalBasic,10.0,10.0,0.0,
2026,2026-04-03,823406,R,Pittsburgh Pirates,Baltimore Orioles,134,110,31,5,4,9,1,4.36,4.446,9.109,-0.196,-0.086,,2026-04-03,Pittsburgh Pirates,Baltimore Orioles,HistoricalBasic,8.5,7.5,1.0,close,-115.0,-105.0,-120.0,100.0,102.0,-115.0,105.0,-125.0,4762487.0,5.0,4.0,False,True,Baltimore Orioles,Pittsburgh Pirates,False,0.109,1.086,"Baltimore Orioles 4.4, Pittsburgh Pirates 4.4","Baltimore Orioles 4, Pittsburgh Pirates 5",historical_basic,,,Mitch Keller,Kyle Bradish,1,1,2,2,1,1,198,6.666666666666667,-4.333333333333333,0.0,-5.092,4.8,-1.8,4.5,-0.5,4.7,-0.25,79,2.333333333333333,3.0,0.6666666666666666,3.758,3.6,1.4,3.4,0.5,3.3,0.7,100,7.58,4.26,6.0,3.05,6.0,3.925,4.428571428571429,4.428571428571429,0.0,8.857142857142858,98.413,98.413,3.642857142857143,4.928571428571429,-1.285714285714286,8.571428571428571,80.952,109.524,4.5,4.666666666666667,-0.1666666666666669,9.166666666666668,100.0,103.704,-0.071,-0.238,4.0,3.857142857142857,0.1428571428571428,7.857142857142858,88.889,85.714,4.285714285714286,3.5,0.7857142857142856,7.785714285714286,95.238,77.778,4.233333333333333,4.633333333333334,-0.4000000000000003,8.866666666666667,94.074,102.963,-0.233,-0.776,4.4,3.0,4.8,5.2,4.3,4.8,4.7,3.9,3.95,4.9,4.45,4.25,,,,4.72,3.244,13.302,17.105,93.968,93.386,7.094,-2.2,0.872,-0.875,1.476,-3.803,0.582,9.524,-14.286,5.926,-8.85,0.842,0.0,9.109,7.5,8.5,9,1.609,1.609,1.609,7.5,1.0,0.5454545454545454,0.5,0.045454545454545414,OVER,1.609,-120.0,-115.0,WIN,True,WIN,0.8333333333333334,0.0,0.0,0.0,0.0,0.0,0.0,0.0,0.0,0.0,0.0,0.0,0.0,0.0,0.0,0.0,0.0,0.0,0.0,0.0,0.0,1.0,1,1.0,2.6035904761904782,33.300000000000004,1.0,0.0,0.0,0.0,0.0,0.0,0.0,0.0,0.0,0.0,0.7674084957342744,0.0,-0.25422200000000006,1.403048,,1,1.0,LOW,0.7674084957342744,0.8333333333333334,0.15524688252254054,0.5734344550295887,0.051296500887579255,0.155247,BACKFILL,OU,2026-04-03 12:00:00+00:00,2026-04-03 23:55:00+00:00,2026-04-03 23:59:00+00:00,True,historical_backtest,HistoricalBasic,HistoricalBasic,7.5,8.5,1.0,
2026,2026-04-04,824295,R,Detroit Tigers,St. Louis Cardinals,116,138,2394,11,6,17,5,4.872,4.444,9.213,0.487,0.428,,2026-04-04,Detroit Tigers,St. Louis Cardinals,HistoricalBasic,7.5,7.5,0.0,close,-102.0,-118.0,-105.0,-115.0,-168.0,145.0,-175.0,135.0,4762492.0,11.0,6.0,True,True,Detroit Tigers,Detroit Tigers,True,7.787,4.572,"St. Louis Cardinals 4.4, Detroit Tigers 4.9","St. Louis Cardinals 6, Detroit Tigers 11",historical_basic,,,Jack Flaherty,Dustin May,0,0,2,2,0,0,67,5.0,1.0,0.3333333333333333,0.825,4.8,2.4,4.8,0.3,4.95,0.55,5,4.666666666666667,-1.3333333333333333,0.3333333333333333,-1.392,3.8,-1.0,3.8,-1.0,3.8,-1.0,100,10.2,5.16,6.0,2.175,6.0,2.875,4.0,3.4285714285714284,0.5714285714285716,7.428571428571429,88.889,76.19,4.714285714285714,3.7857142857142856,0.9285714285714288,8.5,104.762,84.127,4.866666666666666,3.8666666666666663,0.9999999999999996,8.733333333333333,108.148,85.926,-0.867,-0.438,4.142857142857143,4.571428571428571,-0.4285714285714279,8.714285714285715,92.063,101.587,3.928571428571429,3.2857142857142856,0.6428571428571428,7.2142857142857135,87.302,73.016,4.0,3.433333333333333,0.5666666666666669,7.433333333333334,88.889,76.296,0.143,1.138,3.0,4.0,2.8,4.0,4.7,3.9,4.2,4.0,5.0,3.5,3.9,3.5,,,,4.906,3.88,13.932,13.91,103.28,89.048,7.673,0.0,0.631,-0.7,1.026,0.022,14.232,-3.174,17.46,19.259,2.217,1.133,0.0,9.213,7.5,7.5,17,1.7129999999999992,1.7129999999999992,1.7129999999999992,7.5,0.0,0.5121951219512195,0.5348837209302325,0.04707884288145214,OVER,1.7129999999999992,-105.0,-102.0,PUSH,False,WIN,0.9523809523809523,0.0,0.0,0.0,0.0,0.0,0.0,0.0,0.0,0.0,0.0,0.0,0.0,0.0,0.0,0.0,0.0,0.0,0.0,0.0,0.0,0.0,0,0.0,1.3774309523809527,36.3,1.0,0.0,0.0,0.0,0.0,0.0,0.0,0.0,0.0,0.0,0.8157828833764,0.0,0.2278289999999999,1.0809029999999995,,1,0.0,LOW,0.8157828833764,0.9523809523809523,0.1725208310802418,0.5788420318471167,0.1301201574157992,0.172521,BACKFILL,OU,2026-04-04 12:00:00+00:00,2026-04-04 23:55:00+00:00,2026-04-04 23:59:00+00:00,True,historical_backtest,HistoricalBasic,HistoricalBasic,7.5,7.5,0.0,
2026,2026-04-04,823730,R,Minnesota Twins,Tampa Bay Rays,142,139,3312,1,7,8,-6,4.753,4.519,9.367,0.747,0.234,,2026-04-04,Minnesota Twins,Tampa Bay Rays,HistoricalBasic,7.5,7.5,0.0,close,-110.0,-110.0,-110.0,-110.0,-110.0,-110.0,-110.0,-105.0,4762501.0,1.0,7.0,True,False,Minnesota Twins,Tampa Bay Rays,False,1.367,6.234,"Tampa Bay Rays 4.5, Minnesota Twins 4.8","Tampa Bay Rays 7, Minnesota Twins 1",historical_basic,,,Mick Abel,Steven Matz,0,0,3,2,0,0,7,4.333333333333333,-2.6666666666666665,0.0,-2.608,3.0,-1.0,3.142857142857143,-0.5714285714285714,3.142857142857143,-0.5714285714285714,4,4.333333333333333,3.333333333333333,0.6666666666666666,3.392,5.0,2.0,5.0,2.0,5.0,2.0,100,10.22,4.42,9.0,4.1,6.0,5.15,5.142857142857143,4.571428571428571,0.5714285714285721,9.714285714285715,114.286,101.587,5.142857142857143,4.142857142857143,1.0,9.285714285714286,114.286,92.063,5.133333333333334,4.566666666666666,0.5666666666666673,9.7,114.074,101.481,0.01,0.005,4.857142857142857,6.857142857142857,-2.0,11.714285714285714,107.937,145.0,3.7857142857142856,5.571428571428571,-1.7857142857142856,9.357142857142858,84.127,123.81,4.0,5.3,-1.2999999999999998,9.3,88.889,117.778,0.857,1.557,6.2,5.8,4.4,6.6,6.7,4.7,4.4,6.5,4.8,4.35,4.2,5.7,,,,3.189,4.84,15.671,15.8,114.18,91.27,7.95,-0.8,1.413,-1.05,-1.651,-0.129,22.91,6.349,30.159,25.185,-6.0,1.136,0.0,9.367,7.5,7.5,8,1.8670000000000009,1.8670000000000009,1.8670000000000009,7.5,0.0,0.5238095238095238,0.5238095238095238,0.04761904761904767,OVER,1.8670000000000009,-110.0,-110.0,PUSH,False,WIN,0.9090909090909091,0.0,0.0,0.0,0.0,0.0,0.0,0.0,0.0,0.0,0.0,0.0,0.0,0.0,0.0,0.0,0.0,0.0,0.0,0.0,0.0,0.0,0,0.0,1.6196785714285697,37.5,1.0,0.0,0.0,0.0,0.0,0.0,0.0,0.0,0.0,0.0,0.8287122878136886,0.0,0.2539119999999999,2.6380710000000014,,1,0.0,LOW,0.8287122878136886,0.9090909090909091,0.12538042731500443,0.5387031093419844,0.028433208743788407,0.12538,BACKFILL,OU,2026-04-04 12:00:00+00:00,2026-04-04 23:55:00+00:00,2026-04-04 23:59:00+00:00,True,historical_backtest,HistoricalBasic,HistoricalBasic,7.5,7.5,0.0,
2026,2026-04-05,823729,R,Minnesota Twins,Tampa Bay Rays,142,139,3312,1,4,5,-3,5.118,4.314,9.366,1.149,0.804,,2026-04-05,Minnesota Twins,Tampa Bay Rays,HistoricalBasic,8.0,8.0,0.0,close,-105.0,-115.0,-115.0,-105.0,-112.0,-110.0,-110.0,-105.0,4762512.0,1.0,4.0,True,False,Minnesota Twins,Tampa Bay Rays,False,4.366,3.804,"Tampa Bay Rays 4.3, Minnesota Twins 5.1","Tampa Bay Rays 4, Minnesota Twins 1",historical_basic,,,Simeon Woods Richardson,Nick Martinez,0,0,3,2,0,0,62,4.666666666666667,-2.0,0.0,-2.058,5.0,-1.4,3.8,1.0,4.3,0.5,5,9.0,-7.0,0.3333333333333333,-8.575,8.8,-6.4,8.8,-6.4,8.8,-6.4,100,9.92,4.32,9.0,3.4,6.0,3.925,5.142857142857143,5.285714285714286,-0.1428571428571423,10.428571428571429,114.286,117.46,5.214285714285714,4.5,0.7142857142857144,9.714285714285715,115.873,100.0,4.9,4.366666666666666,0.5333333333333341,9.266666666666666,108.889,97.037,0.243,0.919,4.857142857142857,5.714285714285714,-0.8571428571428577,10.571428571428571,107.937,126.984,4.142857142857143,5.428571428571429,-1.2857142857142856,9.571428571428571,92.063,120.635,4.133333333333334,5.166666666666667,-1.0333333333333332,9.3,91.852,114.815,0.724,0.548,5.2,5.6,3.6,5.4,6.1,5.1,5.0,5.2,4.75,4.65,4.3,5.45,,,,4.26,7.2,15.035,3.0,112.063,95.132,7.91,0.2,1.128,-0.525,-2.94,12.035,16.931,6.349,23.81,17.037,6.517,1.102,0.0,9.366,8.0,8.0,5,1.3659999999999997,1.3659999999999997,1.3659999999999997,8.0,0.0,0.5348837209302325,0.5121951219512195,0.04707884288145214,OVER,1.3659999999999997,-115.0,-105.0,PUSH,False,LOSS,0.8695652173913043,0.0,0.0,0.0,0.0,0.0,0.0,0.0,0.0,0.0,0.0,0.0,0.0,0.0,0.0,0.0,0.0,0.0,0.0,0.0,0.0,0.0,0,0.0,1.79204761904762,39.300000000000004,1.0,0.0,0.0,0.0,0.0,0.0,0.0,0.0,0.0,0.0,0.7515698865754641,0.0,0.1393320000000001,1.5408479999999996,,0,0.0,NORMAL,0.7515698865754641,-1.0,0.2644246203844126,0.5639468075454753,0.05433533584588862,0.264425,STRICT,OU,2026-04-05 12:00:00+00:00,2026-04-05 23:55:00+00:00,2026-04-05 23:59:00+00:00,True,historical_backtest,HistoricalBasic,HistoricalBasic,8.0,8.0,0.0,
2026,2026-04-05,824379,R,Colorado Rockies,Philadelphia Phillies,115,143,19,4,1,5,3,5.235,5.869,11.907,-0.6,-0.634,,2026-04-05,Colorado Rockies,Philadelphia Phillies,HistoricalBasic,11.0,11.0,0.0,close,-120.0,100.0,-115.0,-105.0,134.0,-155.0,130.0,-175.0,4762516.0,4.0,1.0,False,True,Philadelphia Phillies,Colorado Rockies,False,6.907,3.634,"Philadelphia Phillies 5.9, Colorado Rockies 5.2","Philadelphia Phillies 1, Colorado Rockies 4",historical_basic,,,Tomoyuki Sugano,Taijuan Walker,0,0,2,2,0,0,3,10.0,1.0,0.3333333333333333,-0.925,10.0,1.0,10.0,1.0,10.0,1.0,80,5.666666666666667,-2.6666666666666665,0.3333333333333333,-3.075,5.0,0.0,5.1,-0.8,4.7,-0.1,100,11.62,4.8,6.0,4.1,6.0,2.35,3.571428571428572,4.428571428571429,-0.8571428571428572,8.0,79.365,98.413,5.071428571428571,5.5,-0.4285714285714288,10.571428571428571,112.698,122.222,5.6,6.433333333333334,-0.8333333333333339,12.033333333333331,124.444,142.963,-2.029,-2.005,4.285714285714286,5.0,-0.7142857142857144,9.285714285714285,95.238,111.111,4.214285714285714,5.0,-0.7857142857142856,9.214285714285715,93.651,111.111,4.5,5.0,-0.5,9.5,100.0,111.111,-0.214,0.0,3.8,4.6,4.6,4.4,4.0,4.9,3.7,5.1,5.1,5.95,4.6,5.05,,,,7.2,4.708,5.45,13.505,111.905,97.143,7.996,0.2,0.806,1.75,2.492,-8.055,14.762,-15.873,19.047,24.444,2.15,1.291,0.0,11.907,11.0,11.0,5,0.907,0.907,0.907,11.0,0.0,0.5348837209302325,0.5121951219512195,0.04707884288145214,OVER,0.907,-115.0,-120.0,PUSH,False,LOSS,0.8695652173913043,0.0,0.0,0.0,0.0,0.0,0.0,0.0,0.0,0.0,0.0,0.0,0.0,0.0,0.0,0.0,0.0,0.0,0.0,0.0,0.0,0.0,0,0.0,2.748719047619045,39.0,1.0,0.0,0.0,0.0,0.0,0.0,0.0,0.0,0.0,0.0,0.6575091827446582,0.0,0.2639369999999999,0.7310420000000001,,0,0.0,HIGH,0.6575091827446582,-1.0,0.14493753579006488,0.5674775000842303,0.060936195809647875,0.144938,BACKFILL,OU,2026-04-05 12:00:00+00:00,2026-04-05 23:55:00+00:00,2026-04-05 23:59:00+00:00,True,historical_backtest,HistoricalBasic,HistoricalBasic,11.0,11.0,0.0,
2026,2026-04-06,824376,R,Colorado Rockies,Houston Astros,115,117,19,9,7,16,2,4.824,6.406,11.139,-1.398,-1.582,,2026-04-06,Colorado Rockies,Houston Astros,HistoricalBasic,10.5,10.0,0.5,close,-115.0,-105.0,-118.0,-102.0,125.0,-150.0,145.0,-175.0,4762533.0,9.0,7.0,False,True,Houston Astros,Colorado Rockies,False,4.861,3.582,"Houston Astros 6.4, Colorado Rockies 4.8","Houston Astros 7, Colorado Rockies 9",historical_basic,,,Ryan Feltner,Cody Bolton,0,0,3,3,0,1,84,6.333333333333333,-4.666666666666667,0.0,-5.308,5.8,-3.8,5.2,-2.6,4.6,-1.05,0,0.0,0.0,0.0,1.575,0.0,0.0,0.0,0.0,0.0,0.0,100,11.42,4.72,9.0,3.517,9.0,4.683,3.7142857142857135,4.0,-0.2857142857142856,7.714285714285714,82.54,88.889,4.571428571428571,4.571428571428571,0.0,9.142857142857142,101.587,101.587,5.566666666666666,6.233333333333333,-0.666666666666667,11.8,123.704,138.519,-1.852,-2.233,8.142857142857142,5.285714285714286,2.8571428571428568,13.428571428571429,145.0,117.46,6.714285714285714,4.928571428571429,1.7857142857142856,11.642857142857142,145.0,109.524,5.466666666666667,4.0,1.4666666666666668,9.466666666666669,121.481,88.889,2.676,1.286,1.8,3.8,8.0,5.8,3.8,4.5,7.0,5.5,5.1,5.55,6.0,4.5,,,,4.684,4.5,12.402,14.0,108.836,141.693,8.677,-2.0,1.538,-1.166,0.184,-1.598,-32.857,-62.46,-43.413,2.223,-6.883,1.269,0.0,11.139,10.0,10.5,16,1.1389999999999993,1.1389999999999993,1.1389999999999993,10.0,0.5,0.5412844036697247,0.504950495049505,0.04623489871922981,OVER,1.1389999999999993,-118.0,-115.0,WIN,True,WIN,0.847457627118644,0.0,0.0,0.0,0.0,0.0,0.0,0.0,0.0,0.0,0.0,0.0,0.0,0.0,0.0,0.0,0.0,0.0,0.0,0.0,0.0,0.5,1,0.5,6.085533333333332,47.4,1.0,0.0,0.0,0.0,0.0,0.0,0.0,0.0,0.0,0.0,0.6533973957921633,0.0,0.3063909999999997,1.751781999999999,,1,0.5,HIGH,0.6533973957921633,0.847457627118644,0.3070207639512783,0.6071346424359791,0.12165552585630046,0.307021,STRICT,OU,2026-04-06 12:00:00+00:00,2026-04-06 23:55:00+00:00,2026-04-06 23:59:00+00:00,True,historical_backtest,HistoricalBasic,HistoricalBasic,10.0,10.5,0.5,
2026,2026-04-06,822832,R,Toronto Blue Jays,Los Angeles Dodgers,141,119,14,2,14,16,-12,4.879,4.344,9.296,0.414,0.535,,2026-04-06,Toronto Blue Jays,Los Angeles Dodgers,HistoricalBasic,9.0,8.5,0.5,close,-105.0,-115.0,-120.0,100.0,105.0,-125.0,118.0,-140.0,4762529.0,2.0,14.0,True,False,Toronto Blue Jays,Los Angeles Dodgers,False,6.704,12.535,"Los Angeles Dodgers 4.3, Toronto Blue Jays 4.9","Los Angeles Dodgers 14, Toronto Blue Jays 2",historical_basic,,,Max Scherzer,Justin Wrobleski,0,0,3,3,1,1,28,2.6666666666666665,0.0,0.6666666666666666,0.642,2.6,0.0,5.2,-1.9,4.8,-0.65,13,8.0,-4.333333333333333,0.0,-5.558,7.4,-4.8,7.2,-2.9,7.538461538461538,-2.8461538461538463,100,9.18,5.2,9.0,3.633,9.0,3.983,3.2857142857142856,4.714285714285714,-1.4285714285714288,8.0,73.016,104.762,4.714285714285714,3.928571428571429,0.785714285714286,8.642857142857142,104.762,87.302,4.466666666666667,4.133333333333334,0.333333333333333,8.600000000000001,99.259,91.852,-1.181,0.581,5.857142857142857,4.0,1.8571428571428568,9.857142857142858,130.159,88.889,5.928571428571429,4.071428571428571,1.8571428571428577,10.0,131.746,90.476,6.566666666666666,5.333333333333333,1.2333333333333334,11.9,145.0,118.519,-0.71,-1.333,2.6,3.4,7.2,4.4,4.8,4.3,5.4,3.7,4.25,4.5,6.4,5.2,,,,4.852,7.2,12.583,4.688,95.661,138.519,8.099,-1.0,1.428,-0.35,-2.348,7.895,-42.858,-57.143,-26.984,-45.741,6.2,1.02,0.0,9.296,8.5,9.0,16,0.7959999999999994,0.7959999999999994,0.7959999999999994,8.5,0.5,0.5454545454545454,0.5,0.045454545454545414,OVER,0.7959999999999994,-120.0,-105.0,WIN,True,WIN,0.8333333333333334,0.0,0.0,0.0,0.0,0.0,0.0,0.0,0.0,0.0,0.0,0.0,0.0,0.0,0.0,0.0,0.0,0.0,0.0,0.0,0.0,0.5,1,0.5,3.1097571428571413,44.7,1.0,0.0,0.0,0.0,0.0,0.0,0.0,0.0,0.0,0.0,0.6345119621095995,0.0,0.01592,1.136687999999999,,1,0.5,NORMAL,0.6345119621095995,0.8333333333333334,0.14661172239856393,0.6003391868430829,0.10062184254565187,0.146612,BACKFILL,OU,2026-04-06 12:00:00+00:00,2026-04-06 23:55:00+00:00,2026-04-06 23:59:00+00:00,True,historical_backtest,HistoricalBasic,HistoricalBasic,8.5,9.0,0.5,
2026,2026-04-07,822831,R,Toronto Blue Jays,Los Angeles Dodgers,141,119,14,1,4,5,-3,4.521,4.796,9.077,0.124,-0.275,,2026-04-07,Toronto Blue Jays,Los Angeles Dodgers,HistoricalBasic,7.5,7.5,0.0,close,-105.0,-115.0,-115.0,-105.0,130.0,-155.0,125.0,-150.0,4762545.0,1.0,4.0,False,False,Los Angeles Dodgers,Los Angeles Dodgers,True,4.077,2.725,"Los Angeles Dodgers 4.8, Toronto Blue Jays 4.5","Los Angeles Dodgers 4, Toronto Blue Jays 1",historical_basic,,,Kevin Gausman,Yoshinobu Yamamoto,0,0,3,3,0,0,147,4.0,-1.6666666666666667,0.3333333333333333,-1.492,3.8,0.6,4.4,-1.0,3.7,0.25,69,3.0,1.3333333333333333,0.6666666666666666,1.858,4.6,1.8,3.8,1.7,3.35,1.5,100,9.4,5.18,9.0,4.683,9.0,3.517,2.857142857142857,6.428571428571429,-3.571428571428572,9.285714285714286,63.492,142.857,4.714285714285714,4.714285714285714,0.0,9.428571428571429,104.762,104.762,4.5,4.433333333333334,0.0666666666666664,8.933333333333334,100.0,98.519,-1.643,1.995,7.428571428571429,4.0,3.428571428571429,11.428571428571429,145.0,88.889,6.642857142857143,4.0,2.6428571428571432,10.642857142857142,145.0,88.889,6.866666666666666,5.266666666666667,1.5999999999999996,12.133333333333333,145.0,117.037,0.562,-1.267,2.0,6.0,9.2,4.6,3.6,5.6,6.8,3.6,4.3,4.8,7.0,4.95,,,,3.68,3.23,15.777,18.095,94.127,145.0,8.332,1.4,1.538,1.166,0.45,-2.318,-50.873,-81.508,-40.238,-45.0,-3.35,1.044,0.0,9.077,7.5,7.5,5,1.577,1.577,1.577,7.5,0.0,0.5348837209302325,0.5121951219512195,0.04707884288145214,OVER,1.577,-115.0,-105.0,PUSH,False,LOSS,0.8695652173913043,0.0,0.0,0.0,0.0,0.0,0.0,0.0,0.0,0.0,0.0,0.0,0.0,0.0,0.0,0.0,0.0,0.0,0.0,0.0,0.0,0.0,0,0.0,3.203414285714286,47.7,1.0,0.0,0.0,0.0,0.0,0.0,0.0,0.0,0.0,0.0,0.7502577526772393,0.0,0.06938800000000006,2.425426,,0,0.0,LOW,0.7502577526772393,-1.0,0.16462738792931172,0.6478456977233908,0.21118978270025246,0.164627,BACKFILL,OU,2026-04-07 12:00:00+00:00,2026-04-07 23:55:00+00:00,2026-04-07 23:59:00+00:00,True,historical_backtest,HistoricalBasic,HistoricalBasic,7.5,7.5,0.0,
2026,2026-04-08,824455,R,Cleveland Guardians,Kansas City Royals,114,118,5,10,2,12,8,4.587,3.788,8.648,1.047,0.799,,2026-04-08,Cleveland Guardians,Kansas City Royals,HistoricalBasic,7.0,7.0,0.0,close,-110.0,-110.0,-120.0,100.0,105.0,-125.0,100.0,-120.0,4762552.0,10.0,2.0,True,True,Cleveland Guardians,Cleveland Guardians,True,3.352,7.201,"Kansas City Royals 3.8, Cleveland Guardians 4.6","Kansas City Royals 2, Cleveland Guardians 10",historical_basic,,,Joey Cantillo,Cole Ragans,0,0,4,3,0,0,33,3.6666666666666665,0.3333333333333333,0.6666666666666666,0.625,4.0,0.0,4.7,0.1,3.75,0.65,76,5.333333333333333,-3.0,0.3333333333333333,-3.292,4.8,-0.8,5.5,0.5,5.45,-0.95,100,7.62,3.9,12.0,2.962,9.0,3.4,2.7142857142857144,2.4285714285714284,0.285714285714286,5.142857142857142,60.317,55.0,3.7857142857142856,3.2857142857142856,0.5,7.071428571428571,84.127,73.016,5.0,4.366666666666666,0.6333333333333337,9.366666666666667,111.111,97.037,-2.286,-1.938,4.857142857142857,4.714285714285714,0.1428571428571423,9.571428571428571,107.937,104.762,3.7142857142857135,4.214285714285714,-0.5,7.928571428571429,82.54,93.651,4.0,5.366666666666666,-1.3666666666666665,9.366666666666667,88.889,119.259,0.857,-0.652,2.8,2.4,4.0,3.8,2.9,3.2,4.3,4.1,4.6,4.7,3.95,5.0,,,,3.698,5.526,16.227,11.007,92.857,90.794,6.938,-1.0,1.378,-0.438,-1.828,5.22,2.063,-47.62,1.587,22.222,3.917,0.847,0.0,8.648,7.0,7.0,12,1.6479999999999997,1.6479999999999997,1.6479999999999997,7.0,0.0,0.5454545454545454,0.5,0.045454545454545414,OVER,1.6479999999999997,-120.0,-110.0,PUSH,False,WIN,0.8333333333333334,0.0,0.0,0.0,0.0,0.0,0.0,0.0,0.0,0.0,0.0,0.0,0.0,0.0,0.0,0.0,0.0,0.0,0.0,0.0,0.0,0.0,0,0.0,4.771633333333334,31.499999999999996,1.0,0.0,0.0,0.0,0.0,0.0,0.0,0.0,0.0,0.0,0.7330044632969499,0.0,-0.252144,2.270943999999999,,1,0.0,LOW,0.7330044632969499,0.8333333333333334,0.25801655676274043,0.5735781076085329,0.05155986394897699,0.258017,STRICT,OU,2026-04-08 12:00:00+00:00,2026-04-08 23:55:00+00:00,2026-04-08 23:59:00+00:00,True,historical_backtest,HistoricalBasic,HistoricalBasic,7.0,7.0,0.0,
2026,2026-04-08,824779,R,Boston Red Sox,Milwaukee Brewers,111,158,3,5,0,5,5,4.65,4.918,9.402,-0.995,-0.268,,2026-04-08,Boston Red Sox,Milwaukee Brewers,HistoricalBasic,7.0,7.5,-0.5,close,-118.0,-102.0,-105.0,-115.0,-135.0,115.0,-135.0,115.0,4762553.0,5.0,0.0,False,True,Milwaukee Brewers,Boston Red Sox,False,4.402,5.268,"Milwaukee Brewers 4.9, Boston Red Sox 4.6","Milwaukee Brewers 0, Boston Red Sox 5",historical_basic,,,Sonny Gray,Shane Drohan,0,0,3,3,0,0,6,3.6666666666666665,1.6666666666666667,0.6666666666666666,1.958,4.2,0.2,4.833333333333333,1.0,4.833333333333333,1.0,1,7.0,-6.0,0.0,-6.875,7.0,-6.0,7.0,-6.0,7.0,-6.0,100,8.4,4.58,9.0,4.1,9.0,3.633,4.0,5.428571428571429,-1.4285714285714288,9.428571428571429,88.889,120.635,4.071428571428571,5.857142857142857,-1.7857142857142856,9.928571428571429,90.476,130.159,3.566666666666667,5.4,-1.8333333333333333,8.966666666666667,79.259,120.0,0.433,0.029,5.571428571428571,4.0,1.5714285714285712,9.571428571428571,123.81,88.889,5.928571428571429,3.928571428571429,2.0000000000000004,9.857142857142858,131.746,87.302,6.166666666666667,4.566666666666666,1.6000000000000003,10.733333333333334,137.037,101.481,-0.595,-0.567,4.4,4.6,5.0,4.8,3.6,5.5,5.6,3.9,3.65,4.9,6.85,4.4,,,,4.753,7.2,14.75,3.0,84.55,132.804,7.811,-0.2,1.45,0.467,-2.447,11.75,-48.254,-34.921,-41.27,-57.778,8.833,0.933,0.0,9.402,7.5,7.0,5,1.9019999999999992,1.9019999999999992,1.9019999999999992,7.5,-0.5,0.5121951219512195,0.5348837209302325,0.04707884288145214,OVER,1.9019999999999992,-105.0,-118.0,LOSS,False,LOSS,0.9523809523809523,0.0,0.0,0.0,0.0,0.0,0.0,0.0,0.0,0.0,0.0,0.0,0.0,0.0,0.0,0.0,0.0,0.0,0.0,0.0,0.0,0.5,0,0.5,2.9816952380952384,42.0,1.0,0.0,0.0,0.0,0.0,0.0,0.0,0.0,0.0,0.0,0.7971690033733378,0.0,-0.12743399999999985,2.757899999999999,,0,-0.5,LOW,0.7971690033733378,-1.0,0.2014547909923585,0.5165310592480966,0.00846540138914098,0.201455,STRICT,OU,2026-04-08 12:00:00+00:00,2026-04-08 23:55:00+00:00,2026-04-08 23:59:00+00:00,True,historical_backtest,HistoricalBasic,HistoricalBasic,7.5,7.0,-0.5,
2026,2026-04-09,823884,R,Miami Marlins,Cincinnati Reds,146,113,4169,8,1,9,7,4.43,4.236,8.609,0.099,0.194,,2026-04-09,Miami Marlins,Cincinnati Reds,HistoricalBasic,8.0,7.5,0.5,close,-115.0,-105.0,-120.0,100.0,-125.0,105.0,-130.0,110.0,4762566.0,8.0,1.0,True,True,Miami Marlins,Miami Marlins,True,0.391,6.806,"Cincinnati Reds 4.2, Miami Marlins 4.4","Cincinnati Reds 1, Miami Marlins 8",historical_basic,,,Max Meyer,Rhett Lowder,0,0,3,3,0,0,35,5.333333333333333,-1.3333333333333333,0.3333333333333333,-1.625,4.4,-0.8,4.8,-0.3,4.95,-0.9,12,1.6666666666666667,1.3333333333333333,1.0,2.325,3.6,0.2,3.1,0.1,4.416666666666667,-1.6666666666666667,100,8.54,4.22,9.0,3.4,9.0,3.167,5.142857142857143,5.0,0.1428571428571432,10.142857142857142,114.286,111.111,4.785714285714286,4.5,0.2857142857142856,9.285714285714285,106.349,100.0,3.8,3.8666666666666663,-0.0666666666666668,7.666666666666666,84.444,85.926,1.343,1.133,3.4285714285714284,3.142857142857143,0.2857142857142856,6.571428571428571,76.19,69.841,2.857142857142857,3.7857142857142856,-0.9285714285714284,6.642857142857142,63.492,84.127,4.533333333333333,4.8,-0.2666666666666666,9.333333333333332,100.741,106.667,-1.105,-1.657,4.8,5.4,3.2,2.2,5.3,4.9,3.2,3.2,4.65,4.35,3.85,4.85,,,,5.022,4.55,11.975,11.9,96.984,84.656,7.232,2.6,1.231,0.233,0.472,0.075,12.328,38.096,42.857,-16.297,-3.95,0.949,0.0,8.609,7.5,8.0,9,1.109,1.109,1.109,7.5,0.5,0.5454545454545454,0.5,0.045454545454545414,OVER,1.109,-120.0,-115.0,WIN,True,WIN,0.8333333333333334,0.0,0.0,0.0,0.0,0.0,0.0,0.0,0.0,0.0,0.0,0.0,0.0,0.0,0.0,0.0,0.0,0.0,0.0,0.0,0.0,0.5,1,0.5,5.340473809523809,32.1,1.0,0.0,0.0,0.0,0.0,0.0,0.0,0.0,0.0,0.0,0.6563526005839485,0.0,-0.05655900000000005,1.3651790000000001,,1,0.5,LOW,0.6563526005839485,0.8333333333333334,0.1174523534989654,0.5768040116810289,0.05747402141521968,0.117452,BACKFILL,OU,2026-04-09 12:00:00+00:00,2026-04-09 23:55:00+00:00,2026-04-09 23:59:00+00:00,True,historical_backtest,HistoricalBasic,HistoricalBasic,7.5,8.0,0.5,
2026,2026-04-11,822830,R,Toronto Blue Jays,Minnesota Twins,141,142,14,4,7,11,-3,4.969,4.165,8.853,0.651,0.804,,2026-04-11,Toronto Blue Jays,Minnesota Twins,HistoricalBasic,8.0,7.5,0.5,close,-120.0,100.0,-120.0,100.0,-120.0,100.0,-110.0,-110.0,4762590.0,4.0,7.0,True,False,Toronto Blue Jays,Minnesota Twins,False,2.147,3.804,"Minnesota Twins 4.2, Toronto Blue Jays 5.0","Minnesota Twins 7, Toronto Blue Jays 4",historical_basic,,,Eric Lauer,Joe Ryan,0,0,2,3,0,0,22,4.333333333333333,-2.333333333333333,0.3333333333333333,-2.275,5.6,-2.4,4.3,1.9,3.65,2.1,138,6.0,-0.3333333333333333,0.3333333333333333,-0.858,4.4,0.4,5.2,-1.7,4.8,-0.75,100,9.38,5.12,6.0,3.225,9.0,3.983,3.4285714285714284,5.571428571428571,-2.142857142857143,9.0,76.19,123.81,4.642857142857143,4.857142857142857,-0.2142857142857135,9.5,103.175,107.937,4.333333333333333,4.2,0.1333333333333328,8.533333333333333,96.296,93.333,-0.905,1.371,4.0,4.714285714285714,-0.7142857142857144,8.714285714285715,88.889,104.762,4.571428571428571,4.642857142857143,-0.071428571428572,9.214285714285715,101.587,103.175,4.833333333333333,4.666666666666667,0.166666666666666,9.5,107.407,103.704,-0.833,0.048,3.4,5.6,5.2,4.4,3.5,5.6,5.2,5.1,4.45,4.6,5.0,4.45,,,,3.482,4.86,18.365,12.448,94.339,101.958,7.651,1.2,1.15,-0.758,-1.378,5.917,-7.619,-12.699,1.588,-11.111,-1.417,1.042,0.0,8.853,7.5,8.0,11,1.3529999999999998,1.3529999999999998,1.3529999999999998,7.5,0.5,0.5454545454545454,0.5,0.045454545454545414,OVER,1.3529999999999998,-120.0,-120.0,WIN,True,WIN,0.8333333333333334,0.0,0.0,0.0,0.0,0.0,0.0,0.0,0.0,0.0,0.0,0.0,0.0,0.0,0.0,0.0,0.0,0.0,0.0,0.0,0.0,0.5,1,0.5,2.3049809523809515,38.7,1.0,0.0,0.0,0.0,0.0,0.0,0.0,0.0,0.0,0.0,0.7369430388873992,0.0,0.05682600000000004,1.5559499999999995,,1,0.5,LOW,0.7369430388873992,0.8333333333333334,0.21546311331216167,0.6903529332468331,0.2656470442858607,0.215463,STRICT,OU,2026-04-11 12:00:00+00:00,2026-04-11 23:55:00+00:00,2026-04-11 23:59:00+00:00,True,historical_backtest,HistoricalBasic,HistoricalBasic,7.5,8.0,0.5,
2026,2026-04-11,824294,R,Detroit Tigers,Miami Marlins,116,146,2394,6,1,7,5,4.611,4.545,9.27,0.148,0.066,,2026-04-11,Detroit Tigers,Miami Marlins,HistoricalBasic,7.0,7.5,-0.5,close,-110.0,-110.0,-105.0,-115.0,-135.0,115.0,-145.0,120.0,4762588.0,6.0,1.0,True,True,Detroit Tigers,Detroit Tigers,True,2.27,4.934,"Miami Marlins 4.5, Detroit Tigers 4.6","Miami Marlins 1, Detroit Tigers 6",historical_basic,,,Casey Mize,Janson Junk,0,0,3,3,0,0,113,5.666666666666667,-2.6666666666666665,0.0,-3.075,5.8,-2.4,5.2,-1.6,4.9,0.4,21,3.6666666666666665,0.6666666666666666,0.3333333333333333,0.958,3.4,0.0,5.0,-0.3,4.55,0.95,100,10.08,5.08,9.0,3.283,9.0,2.817,4.0,4.714285714285714,-0.7142857142857144,8.714285714285715,88.889,104.762,4.0,4.071428571428571,-0.0714285714285711,8.071428571428571,88.889,90.476,4.5,3.9,0.6000000000000001,8.4,100.0,86.667,-0.5,0.814,4.571428571428571,4.285714285714286,0.2857142857142856,8.857142857142858,101.587,95.238,4.785714285714286,4.0,0.7857142857142856,8.785714285714285,106.349,88.889,4.0,3.933333333333333,0.0666666666666668,7.933333333333334,88.889,87.407,0.571,0.352,2.8,4.4,3.6,3.0,3.7,4.1,5.3,4.0,4.05,4.0,4.7,4.1,,,,4.868,4.474,13.82,15.193,94.444,96.667,7.623,1.4,1.144,0.466,0.394,-1.373,-2.223,-12.698,-17.46,11.111,-4.033,1.12,0.0,9.27,7.5,7.0,7,1.7699999999999996,1.7699999999999996,1.7699999999999996,7.5,-0.5,0.5121951219512195,0.5348837209302325,0.04707884288145214,OVER,1.7699999999999996,-105.0,-110.0,LOSS,False,LOSS,0.9523809523809523,0.0,0.0,0.0,0.0,0.0,0.0,0.0,0.0,0.0,0.0,0.0,0.0,0.0,0.0,0.0,0.0,0.0,0.0,0.0,0.0,0.5,0,0.5,2.2292523809523805,36.9,1.0,0.0,0.0,0.0,0.0,0.0,0.0,0.0,0.0,0.0,0.798511473820891,0.0,0.21240000000000014,2.024879999999999,,0,-0.5,LOW,0.798511473820891,-1.0,0.19335803762838483,0.5781806761657297,0.12882893918071026,0.193358,BACKFILL,OU,2026-04-11 12:00:00+00:00,2026-04-11 23:55:00+00:00,2026-04-11 23:59:00+00:00,True,historical_backtest,HistoricalBasic,HistoricalBasic,7.5,7.0,-0.5,
2026,2026-04-12,823804,R,Milwaukee Brewers,Washington Nationals,158,120,32,6,8,14,-2,5.428,4.395,9.298,1.141,1.033,,2026-04-12,Milwaukee Brewers,Washington Nationals,HistoricalBasic,7.5,7.5,0.0,close,-115.0,-105.0,-115.0,-105.0,-225.0,185.0,-190.0,155.0,4762609.0,6.0,8.0,True,False,Milwaukee Brewers,Washington Nationals,False,4.702,3.033,"Washington Nationals 4.4, Milwaukee Brewers 5.4","Washington Nationals 8, Milwaukee Brewers 6",historical_basic,,,Brandon Woodruff,Zack Littell,0,0,2,2,0,0,158,4.0,4.333333333333333,1.0,4.508,3.0,5.2,3.8,3.1,2.95,3.2,3,6.333333333333333,-2.0,0.3333333333333333,-2.642,6.333333333333333,-2.0,6.333333333333333,-2.0,6.333333333333333,-2.0,100,9.36,5.64,6.0,3.75,6.0,2.7,3.4285714285714284,5.285714285714286,-1.8571428571428568,8.714285714285714,76.19,117.46,5.285714285714286,4.0,1.2857142857142856,9.285714285714285,117.46,88.889,5.533333333333333,4.7,0.833333333333333,10.233333333333334,122.963,104.444,-2.105,0.586,5.285714285714286,5.857142857142857,-0.5714285714285712,11.142857142857142,117.46,130.159,5.785714285714286,5.857142857142857,-0.0714285714285711,11.642857142857142,128.571,130.159,4.266666666666667,4.7,-0.4333333333333335,8.966666666666667,94.815,104.444,1.019,1.157,2.8,4.8,5.2,4.6,4.3,4.3,5.0,6.3,5.55,4.15,4.45,5.05,,,,2.694,6.493,21.11,8.0,111.958,109.471,7.859,0.2,0.806,1.05,-3.799,13.11,2.487,-41.27,-11.111,28.148,7.15,1.04,0.0,9.298,7.5,7.5,14,1.798,1.798,1.798,7.5,0.0,0.5348837209302325,0.5121951219512195,0.04707884288145214,OVER,1.798,-115.0,-115.0,PUSH,False,WIN,0.8695652173913043,0.0,0.0,0.0,0.0,0.0,0.0,0.0,0.0,0.0,0.0,0.0,0.0,0.0,0.0,0.0,0.0,0.0,0.0,0.0,0.0,0.0,0,0.0,4.611209523809525,46.5,1.0,0.0,0.0,0.0,0.0,0.0,0.0,0.0,0.0,0.0,0.753775561790601,0.0,0.07192000000000007,1.4491880000000001,,1,0.0,LOW,0.753775561790601,0.8695652173913043,0.23670273896006566,0.546223968443314,0.02120133230706528,0.236703,STRICT,OU,2026-04-12 12:00:00+00:00,2026-04-12 23:55:00+00:00,2026-04-12 23:59:00+00:00,True,historical_backtest,HistoricalBasic,HistoricalBasic,7.5,7.5,0.0,
2026,2026-04-14,824210,R,Houston Astros,Colorado Rockies,117,115,2392,7,6,13,1,4.542,4.397,9.467,0.503,0.145,,2026-04-14,Houston Astros,Colorado Rockies,HistoricalBasic,8.5,8.5,0.0,close,-120.0,100.0,-115.0,-105.0,-168.0,142.0,-175.0,145.0,4762638.0,7.0,6.0,True,True,Houston Astros,Houston Astros,True,3.533,0.855,"Colorado Rockies 4.4, Houston Astros 4.5","Colorado Rockies 6, Houston Astros 7",historical_basic,,,Spencer Arrighetti,Michael Lorenzen,0,1,3,2,1,1,42,5.666666666666667,-4.666666666666667,0.0,-5.075,7.4,-5.8,5.7,-3.3,5.45,-1.45,7,5.0,-0.6666666666666666,0.3333333333333333,-0.842,6.0,-0.6,7.142857142857143,-2.142857142857143,7.142857142857143,-2.142857142857143,100,8.8,3.94,9.0,4.333,6.0,4.8,3.571428571428572,7.428571428571429,-3.857142857142857,11.0,79.365,145.0,5.857142857142857,6.357142857142857,-0.5,12.214285714285714,130.159,141.27,5.166666666666667,5.033333333333333,0.1333333333333337,10.2,114.815,111.852,-1.595,2.395,5.0,5.285714285714286,-0.2857142857142856,10.285714285714285,111.111,117.46,4.357142857142857,4.642857142857143,-0.2857142857142865,9.0,96.825,103.175,5.5,5.533333333333333,-0.0333333333333332,11.033333333333331,122.222,122.963,-0.5,-0.248,3.4,7.6,4.2,5.8,5.0,7.5,4.1,5.0,5.6,5.8,4.5,4.9,,,,5.566,7.2,10.332,6.35,112.328,112.381,7.765,1.7,1.413,-0.467,-1.634,3.982,-0.053,-31.746,33.334,-7.407,-4.233,0.978,0.0,9.467,8.5,8.5,13,0.9670000000000005,0.9670000000000005,0.9670000000000005,8.5,0.0,0.5348837209302325,0.5121951219512195,0.04707884288145214,OVER,0.9670000000000005,-115.0,-120.0,PUSH,False,WIN,0.8695652173913043,0.0,0.0,0.0,0.0,0.0,0.0,0.0,0.0,0.0,0.0,0.0,0.0,0.0,0.0,0.0,0.0,0.0,0.0,0.0,0.0,0.0,0,0.0,5.177369047619045,42.9,1.0,0.0,0.0,0.0,0.0,0.0,0.0,0.0,0.0,0.0,0.6386380474756971,0.0,-0.02127400000000003,1.3663710000000007,,1,0.0,NORMAL,0.6386380474756971,0.8695652173913043,0.14516447369163832,0.5360136510761037,0.002112478098802495,0.145164,BACKFILL,OU,2026-04-14 12:00:00+00:00,2026-04-14 23:55:00+00:00,2026-04-14 23:59:00+00:00,True,historical_backtest,HistoricalBasic,HistoricalBasic,8.5,8.5,0.0,
2026,2026-04-15,823803,R,Milwaukee Brewers,Toronto Blue Jays,158,141,32,2,1,3,1,5.086,4.566,9.306,0.649,0.52,,2026-04-15,Milwaukee Brewers,Toronto Blue Jays,HistoricalBasic,7.5,7.5,0.0,close,-115.0,-105.0,-105.0,-115.0,100.0,-120.0,100.0,-120.0,4762651.0,2.0,1.0,True,True,Milwaukee Brewers,Milwaukee Brewers,True,6.306,0.48,"Toronto Blue Jays 4.6, Milwaukee Brewers 5.1","Toronto Blue Jays 1, Milwaukee Brewers 2",historical_basic,,,Chad Patrick,Dylan Cease,0,0,2,2,0,0,30,5.0,-1.3333333333333333,0.6666666666666666,-1.508,5.2,3.0,4.1,1.4,4.5,0.35,6,5.0,0.3333333333333333,0.6666666666666666,0.158,3.2,4.2,3.5,3.8333333333333335,3.5,3.8333333333333335,100,9.64,5.68,6.0,4.975,6.0,4.625,3.857142857142857,5.857142857142857,-2.0,9.714285714285714,85.714,130.159,4.785714285714286,5.0,-0.2142857142857144,9.785714285714285,106.349,111.111,5.666666666666667,5.033333333333333,0.6333333333333337,10.7,125.926,111.852,-1.81,0.824,4.571428571428571,6.714285714285714,-2.1428571428571432,11.285714285714285,101.587,145.0,3.928571428571429,5.714285714285714,-1.785714285714286,9.642857142857142,87.302,126.984,4.333333333333333,4.566666666666666,-0.2333333333333334,8.899999999999999,96.296,101.481,0.238,2.148,3.4,6.4,5.8,5.8,4.2,5.6,3.9,6.1,5.3,4.4,4.8,4.95,,,,4.472,3.193,14.473,20.975,112.011,94.656,7.8,0.6,1.2,0.35,1.279,-6.502,17.355,-15.873,19.047,29.63,-1.666,1.071,0.0,9.306,7.5,7.5,3,1.8059999999999992,1.8059999999999992,1.8059999999999992,7.5,0.0,0.5121951219512195,0.5348837209302325,0.04707884288145214,OVER,1.8059999999999992,-105.0,-115.0,PUSH,False,LOSS,0.9523809523809523,0.0,0.0,0.0,0.0,0.0,0.0,0.0,0.0,0.0,0.0,0.0,0.0,0.0,0.0,0.0,0.0,0.0,0.0,0.0,0.0,0.0,0,0.0,2.7371428571428584,36.60000000000001,1.0,0.0,0.0,0.0,0.0,0.0,0.0,0.0,0.0,0.0,0.7906584920534497,0.0,0.12822599999999984,2.167199999999999,,0,0.0,LOW,0.7906584920534497,-1.0,0.12684276767684924,0.569002046571406,0.11090875759179253,0.126843,BACKFILL,OU,2026-04-15 12:00:00+00:00,2026-04-15 23:55:00+00:00,2026-04-15 23:59:00+00:00,True,historical_backtest,HistoricalBasic,HistoricalBasic,7.5,7.5,0.0,
2026,2026-04-18,823394,R,Pittsburgh Pirates,Tampa Bay Rays,134,139,31,7,8,15,-1,4.778,3.935,8.495,0.812,0.843,,2026-04-18,Pittsburgh Pirates,Tampa Bay Rays,HistoricalBasic,7.5,7.0,0.5,close,100.0,-120.0,-115.0,-105.0,-150.0,125.0,-165.0,140.0,4762685.0,7.0,8.0,True,False,Pittsburgh Pirates,Tampa Bay Rays,False,6.505,1.843,"Tampa Bay Rays 3.9, Pittsburgh Pirates 4.8","Tampa Bay Rays 8, Pittsburgh Pirates 7",historical_basic,,,Paul Skenes,Drew Rasmussen,0,0,3,3,0,0,67,3.0,7.333333333333333,1.0,7.858,4.6,4.6,3.8,2.0,3.35,1.3,98,7.0,-2.333333333333333,0.3333333333333333,-3.208,7.2,-2.8,6.3,-1.9,4.75,-0.55,100,7.9,4.46,9.0,3.05,9.0,3.283,6.285714285714286,4.142857142857143,2.1428571428571423,10.428571428571429,139.683,92.063,5.071428571428571,3.642857142857143,1.4285714285714284,8.714285714285714,112.698,80.952,4.366666666666666,4.4,-0.0333333333333341,8.766666666666666,97.037,97.778,1.919,-0.257,5.285714285714286,3.857142857142857,1.4285714285714284,9.142857142857142,117.46,85.714,4.571428571428571,4.714285714285714,-0.1428571428571432,9.285714285714285,101.587,104.762,4.466666666666667,5.033333333333333,-0.5666666666666664,9.5,99.259,111.852,0.819,-1.176,6.8,3.8,5.4,4.0,5.5,3.8,4.7,4.6,5.0,3.85,4.7,4.95,,,,3.246,4.794,17.825,12.808,110.265,103.598,7.627,-0.2,1.188,-0.233,-1.548,5.017,6.667,22.223,11.111,-2.222,11.066,0.878,0.0,8.495,7.0,7.5,15,1.4949999999999992,1.4949999999999992,1.4949999999999992,7.0,0.5,0.5348837209302325,0.5121951219512195,0.04707884288145214,OVER,1.4949999999999992,-115.0,100.0,WIN,True,WIN,0.8695652173913043,0.0,0.0,0.0,0.0,0.0,0.0,0.0,0.0,0.0,0.0,0.0,0.0,0.0,0.0,0.0,0.0,0.0,0.0,0.0,0.0,0.5,1,0.5,1.3263666666666674,40.5,1.0,0.0,0.0,0.0,0.0,0.0,0.0,0.0,0.0,0.0,0.7853918112033461,0.0,-0.1823899999999999,1.776059999999999,,1,0.5,LOW,0.7853918112033461,0.8695652173913043,0.14136989344525983,0.5574564916636376,0.04220126702332255,0.14137,BACKFILL,OU,2026-04-18 12:00:00+00:00,2026-04-18 23:55:00+00:00,2026-04-18 23:59:00+00:00,True,historical_backtest,HistoricalBasic,HistoricalBasic,7.0,7.5,0.5,
2026,2026-04-19,825100,R,Arizona Diamondbacks,Toronto Blue Jays,109,141,15,4,10,14,-6,4.412,4.431,8.989,0.146,-0.019,,2026-04-19,Arizona Diamondbacks,Toronto Blue Jays,HistoricalBasic,8.0,8.0,0.0,close,-110.0,-110.0,-115.0,-105.0,100.0,-120.0,-110.0,-110.0,4762709.0,4.0,10.0,False,False,Toronto Blue Jays,Toronto Blue Jays,True,5.011,5.981,"Toronto Blue Jays 4.4, Arizona Diamondbacks 4.4","Toronto Blue Jays 10, Arizona Diamondbacks 4",historical_basic,,,Ryne Nelson,Kevin Gausman,0,0,2,3,0,0,101,9.333333333333334,-4.0,0.3333333333333333,-5.692,7.0,-2.0,6.8,-2.1,6.65,-2.05,149,4.333333333333333,-0.6666666666666666,0.3333333333333333,-0.608,4.6,-1.2,4.6,-0.5,3.8,0.5,100,9.06,4.66,6.0,2.875,9.0,3.633,5.428571428571429,4.142857142857143,1.2857142857142856,9.571428571428571,120.635,92.063,4.857142857142857,3.4285714285714284,1.4285714285714284,8.285714285714285,107.937,76.19,5.233333333333333,4.7,0.5333333333333332,9.933333333333334,116.296,104.444,0.195,-0.557,3.142857142857143,5.428571428571429,-2.285714285714286,8.571428571428571,69.841,120.635,3.2857142857142856,5.5,-2.2142857142857144,8.785714285714285,73.016,122.222,4.1,4.833333333333333,-0.7333333333333334,8.933333333333334,91.111,107.407,-0.957,0.595,6.2,4.4,3.2,4.6,5.7,3.6,3.7,4.9,4.65,4.2,3.65,5.25,,,,6.814,3.76,7.362,15.935,114.656,81.429,7.372,-0.2,1.041,-0.758,3.054,-8.573,33.227,50.794,34.921,25.185,-5.084,1.007,0.0,8.989,8.0,8.0,14,0.9890000000000008,0.9890000000000008,0.9890000000000008,8.0,0.0,0.5348837209302325,0.5121951219512195,0.04707884288145214,OVER,0.9890000000000008,-115.0,-110.0,PUSH,False,WIN,0.8695652173913043,0.0,0.0,0.0,0.0,0.0,0.0,0.0,0.0,0.0,0.0,0.0,0.0,0.0,0.0,0.0,0.0,0.0,0.0,0.0,0.0,0.0,0,0.0,2.792688095238098,34.2,1.0,0.0,0.0,0.0,0.0,0.0,0.0,0.0,0.0,0.0,0.6701828701133481,0.0,0.0069229999999999015,1.0295490000000007,,1,0.0,NORMAL,0.6701828701133481,0.8695652173913043,0.20986654894331036,0.5793384321268754,0.08311098180241927,0.209867,STRICT,OU,2026-04-19 12:00:00+00:00,2026-04-19 23:55:00+00:00,2026-04-19 23:59:00+00:00,True,historical_backtest,HistoricalBasic,HistoricalBasic,8.0,8.0,0.0,
2026,2026-04-20,824046,R,Los Angeles Angels,Toronto Blue Jays,108,141,1,2,5,7,-3,4.478,4.521,9.02,0.203,-0.043,,2026-04-20,Los Angeles Angels,Toronto Blue Jays,HistoricalBasic,7.5,7.5,0.0,close,-115.0,-105.0,-115.0,-105.0,105.0,-130.0,105.0,-125.0,4762720.0,2.0,5.0,False,False,Toronto Blue Jays,Toronto Blue Jays,True,2.02,2.957,"Toronto Blue Jays 4.5, Los Angeles Angels 4.5","Toronto Blue Jays 5, Los Angeles Angels 2",historical_basic,,,Reid Detmers,Dylan Cease,0,0,3,3,0,1,99,4.0,-0.6666666666666666,0.3333333333333333,-0.492,6.0,-0.8,5.2,-1.4,6.25,-2.4,7,3.333333333333333,-0.3333333333333333,0.3333333333333333,0.075,3.6,2.6,3.2857142857142856,3.142857142857143,3.2857142857142856,3.142857142857143,100,9.48,4.02,9.0,2.7,9.0,3.867,6.0,3.857142857142857,2.142857142857143,9.857142857142858,133.333,85.714,5.857142857142857,4.714285714285714,1.1428571428571423,10.571428571428571,130.159,104.762,4.966666666666667,4.566666666666666,0.4000000000000003,9.533333333333331,110.37,101.481,1.033,-0.71,4.0,5.0,-1.0,9.0,88.889,111.111,3.7142857142857135,5.428571428571429,-1.7142857142857144,9.142857142857142,82.54,120.635,4.266666666666667,4.7,-0.4333333333333335,8.966666666666667,94.815,104.444,-0.267,0.3,5.0,3.0,3.4,4.0,6.4,4.2,4.6,4.9,4.85,4.55,4.0,5.35,,,,6.442,3.034,7.61,20.429,120.899,89.947,7.77,-1.0,1.231,-1.167,3.408,-12.819,30.952,44.444,47.619,15.555,-0.567,1.053,0.0,9.02,7.5,7.5,7,1.5199999999999996,1.5199999999999996,1.5199999999999996,7.5,0.0,0.5348837209302325,0.5121951219512195,0.04707884288145214,OVER,1.5199999999999996,-115.0,-115.0,PUSH,False,LOSS,0.8695652173913043,0.0,0.0,0.0,0.0,0.0,0.0,0.0,0.0,0.0,0.0,0.0,0.0,0.0,0.0,0.0,0.0,0.0,0.0,0.0,0.0,0.0,0,0.0,2.2990357142857154,40.199999999999996,1.0,0.0,0.0,0.0,0.0,0.0,0.0,0.0,0.0,0.0,0.7619726905621456,0.0,0.08055999999999988,1.8711199999999997,,0,0.0,LOW,0.7619726905621456,-1.0,0.21994249850678427,0.6181368608321043,0.15564717459915145,0.219942,STRICT,OU,2026-04-20 12:00:00+00:00,2026-04-20 23:55:00+00:00,2026-04-20 23:59:00+00:00,True,historical_backtest,HistoricalBasic,HistoricalBasic,7.5,7.5,0.0,
2026,2026-04-22,824449,R,Cleveland Guardians,Houston Astros,114,117,5,0,2,2,-2,5.079,4.434,9.059,0.664,0.645,,2026-04-22,Cleveland Guardians,Houston Astros,HistoricalBasic,8.0,8.0,0.0,close,-120.0,100.0,-110.0,-110.0,-160.0,135.0,-145.0,120.0,4762739.0,0.0,2.0,True,False,Cleveland Guardians,Houston Astros,False,7.059,2.645,"Houston Astros 4.4, Cleveland Guardians 5.1","Houston Astros 2, Cleveland Guardians 0",historical_basic,,,Tanner Bibee,Peter Lambert,0,0,3,3,0,0,111,7.666666666666667,-5.333333333333333,0.0,-6.442,6.2,-3.4,6.2,-0.8,4.75,0.25,3,8.0,-4.666666666666667,0.0,-5.892,8.0,-4.666666666666667,8.0,-4.666666666666667,8.0,-4.666666666666667,100,7.94,4.28,9.0,4.1,9.0,3.983,4.714285714285714,4.714285714285714,0.0,9.428571428571429,104.762,104.762,5.071428571428571,4.928571428571429,0.1428571428571423,10.0,112.698,109.524,4.833333333333333,4.866666666666666,-0.0333333333333332,9.7,107.407,108.148,-0.119,-0.152,4.714285714285714,5.285714285714286,-0.5714285714285712,10.0,104.762,117.46,4.142857142857143,6.142857142857143,-2.0,10.285714285714286,92.063,136.508,5.433333333333334,5.7,-0.2666666666666666,11.133333333333333,120.741,126.667,-0.719,-0.414,5.2,5.2,5.6,6.6,4.8,5.5,4.3,5.5,4.4,4.25,5.25,6.2,,,,4.73,7.2,13.888,3.0,108.466,108.942,7.496,-1.4,1.516,0.117,-2.47,10.888,-0.476,0.0,20.635,-13.334,-0.55,0.882,0.0,9.059,8.0,8.0,2,1.0589999999999993,1.0589999999999993,1.0589999999999993,8.0,0.0,0.5238095238095238,0.5238095238095238,0.04761904761904767,OVER,1.0589999999999993,-110.0,-120.0,PUSH,False,LOSS,0.9090909090909091,0.0,0.0,0.0,0.0,0.0,0.0,0.0,0.0,0.0,0.0,0.0,0.0,0.0,0.0,0.0,0.0,0.0,0.0,0.0,0.0,0.0,0,0.0,2.276219047619047,38.7,1.0,0.0,0.0,0.0,0.0,0.0,0.0,0.0,0.0,0.0,0.6906766992283929,0.0,-0.1249619999999999,1.605443999999999,,0,0.0,NORMAL,0.6906766992283929,-1.0,0.11596692066546335,0.5435648127753194,0.03771464257106433,0.115967,BACKFILL,OU,2026-04-22 12:00:00+00:00,2026-04-22 23:55:00+00:00,2026-04-22 23:59:00+00:00,True,historical_backtest,HistoricalBasic,HistoricalBasic,8.0,8.0,0.0,
2026,2026-04-24,822827,R,Toronto Blue Jays,Cleveland Guardians,141,114,14,6,8,14,-2,4.165,4.899,9.204,-0.409,-0.734,,2026-04-24,Toronto Blue Jays,Cleveland Guardians,HistoricalBasic,8.0,7.5,0.5,close,-118.0,-102.0,-115.0,-105.0,105.0,-125.0,105.0,-125.0,4762763.0,6.0,8.0,False,False,Cleveland Guardians,Cleveland Guardians,True,4.796,1.266,"Cleveland Guardians 4.9, Toronto Blue Jays 4.2","Cleveland Guardians 8, Toronto Blue Jays 6",historical_basic,,,Max Scherzer,Gavin Williams,1,1,2,2,1,1,31,9.333333333333334,-7.333333333333333,0.0,-9.025,6.0,-3.4,4.9,-1.7,5.15,-1.45,82,2.0,3.0,1.0,3.875,2.4,1.6,3.6,1.0,3.3,0.75,100,9.52,5.08,6.0,3.575,6.0,3.225,4.0,4.142857142857143,-0.1428571428571432,8.142857142857142,88.889,92.063,4.214285714285714,4.571428571428571,-0.3571428571428567,8.785714285714285,93.651,101.587,4.4,4.566666666666666,-0.166666666666666,8.966666666666667,97.778,101.481,-0.4,-0.424,4.285714285714286,4.285714285714286,0.0,8.571428571428571,95.238,95.238,4.928571428571429,5.0,-0.0714285714285711,9.928571428571429,109.524,111.111,4.566666666666666,4.266666666666667,0.2999999999999998,8.833333333333332,101.481,94.815,-0.281,0.019,4.8,4.2,4.4,4.4,4.0,4.6,4.7,4.4,3.7,4.75,4.35,4.15,,,,5.266,3.24,10.873,17.172,94.762,102.646,7.308,-0.2,0.85,0.35,2.026,-6.299,-7.884,-6.349,-15.873,-3.703,-12.9,1.058,0.0,9.204,7.5,8.0,14,1.7040000000000006,1.7040000000000006,1.7040000000000006,7.5,0.5,0.5348837209302325,0.5121951219512195,0.04707884288145214,OVER,1.7040000000000006,-115.0,-118.0,WIN,True,WIN,0.8695652173913043,0.0,0.0,0.0,0.0,0.0,0.0,0.0,0.0,0.0,0.0,0.0,0.0,0.0,0.0,0.0,0.0,0.0,0.0,0.0,0.0,0.5,1,0.5,2.2194904761904786,38.4,1.0,0.0,0.0,0.0,0.0,0.0,0.0,0.0,0.0,0.0,0.7898815399135098,0.0,0.09883200000000013,1.4484000000000006,,1,0.5,LOW,0.7898815399135098,0.8695652173913043,0.12374598963111202,0.6164293291130072,0.1524548326895352,0.123746,BACKFILL,OU,2026-04-24 12:00:00+00:00,2026-04-24 23:55:00+00:00,2026-04-24 23:59:00+00:00,True,historical_backtest,HistoricalBasic,HistoricalBasic,7.5,8.0,0.5,
2026,2026-04-25,823960,R,Los Angeles Dodgers,Chicago Cubs,119,112,22,12,4,16,8,3.962,4.314,8.747,-0.423,-0.352,,2026-04-25,Los Angeles Dodgers,Chicago Cubs,HistoricalBasic,9.5,9.5,0.0,close,100.0,-120.0,100.0,-120.0,-125.0,105.0,-150.0,125.0,4762787.0,12.0,4.0,False,True,Chicago Cubs,Los Angeles Dodgers,False,7.253,8.352,"Chicago Cubs 4.3, Los Angeles Dodgers 4.0","Chicago Cubs 4, Los Angeles Dodgers 12",historical_basic,,,Roki Sasaki,Colin Rea,0,0,3,3,0,0,17,6.666666666666667,-1.3333333333333333,0.3333333333333333,-2.092,6.2,-1.2,6.0,1.4,5.588235294117647,0.9411764705882352,39,1.3333333333333333,4.666666666666667,1.0,5.775,2.6,4.4,2.6,3.3,3.65,1.75,100,7.92,4.62,9.0,3.05,9.0,3.517,4.142857142857143,4.0,0.1428571428571432,8.142857142857142,92.063,88.889,4.714285714285714,3.357142857142857,1.3571428571428572,8.071428571428571,104.762,74.603,5.533333333333333,3.6,1.933333333333333,9.133333333333333,122.963,80.0,-1.39,0.4,5.571428571428571,3.0,2.571428571428571,8.571428571428571,123.81,66.667,6.357142857142857,4.0,2.3571428571428568,10.357142857142858,141.27,88.889,6.066666666666666,3.8333333333333335,2.233333333333333,9.9,134.815,85.185,-0.495,-0.833,4.0,3.0,6.6,3.6,4.6,3.2,7.2,3.1,5.9,3.55,5.75,3.8,,,,5.513,3.51,13.312,17.893,111.323,134.55,8.322,-0.6,1.231,-0.467,2.003,-4.581,-23.227,-31.747,-36.508,-11.852,-7.867,0.88,0.0,8.747,9.5,9.5,16,-0.7530000000000001,-0.7530000000000001,0.7530000000000001,9.5,0.0,0.5,0.5454545454545454,0.045454545454545414,UNDER,0.7530000000000001,-120.0,-120.0,PUSH,False,LOSS,0.8333333333333334,0.0,0.0,0.0,0.0,0.0,0.0,0.0,0.0,0.0,0.0,0.0,0.0,0.0,0.0,0.0,0.0,0.0,0.0,0.0,0.0,0.0,0,0.0,2.6589976190476188,46.5,1.0,0.0,0.0,0.0,0.0,0.0,0.0,0.0,0.0,0.0,0.6330185812188511,0.0,-0.09036000000000001,0.9269430000000002,,0,-0.0,HIGH,0.6330185812188511,-1.0,0.3947828906738514,0.5798068676928367,0.06297925743686739,0.394783,STRICT,OU,2026-04-25 12:00:00+00:00,2026-04-25 23:55:00+00:00,2026-04-25 23:59:00+00:00,True,historical_backtest,HistoricalBasic,HistoricalBasic,9.5,9.5,-0.0,
2026,2026-04-27,822825,R,Toronto Blue Jays,Boston Red Sox,141,111,14,0,5,5,-5,5.153,4.63,9.325,0.377,0.523,,2026-04-27,Toronto Blue Jays,Boston Red Sox,HistoricalBasic,6.5,7.0,-0.5,close,-160.0,125.0,-130.0,100.0,-135.0,115.0,-150.0,125.0,4762807.0,0.0,5.0,True,False,Toronto Blue Jays,Boston Red Sox,False,4.325,5.523,"Boston Red Sox 4.6, Toronto Blue Jays 5.2","Boston Red Sox 5, Toronto Blue Jays 0",historical_basic,178433.0,11.0,Dylan Cease,Ranger Suarez,0,0,3,3,0,1,8,2.333333333333333,1.0,0.6666666666666666,1.758,3.8,0.6,3.125,3.125,3.125,3.125,8,1.6666666666666667,1.3333333333333333,0.6666666666666666,2.325,4.2,-1.0,7.5,-3.0,7.5,-3.0,100,9.48,5.08,9.0,3.517,9.0,3.633,5.285714285714286,4.0,1.2857142857142856,9.285714285714285,117.46,88.889,4.214285714285714,4.714285714285714,-0.5,8.928571428571429,93.651,104.762,4.3,4.766666666666667,-0.4666666666666668,9.066666666666666,95.556,105.926,0.986,-0.767,5.142857142857143,4.571428571428571,0.5714285714285721,9.714285714285715,114.286,101.587,4.571428571428571,4.928571428571429,-0.3571428571428576,9.5,101.587,109.524,4.3,5.066666666666666,-0.7666666666666666,9.366666666666667,95.556,112.593,0.843,-0.495,4.4,4.4,5.6,4.4,4.3,4.2,4.0,4.2,3.95,5.0,4.65,4.55,,,,2.875,7.2,20.694,4.55,99.365,101.111,7.4,0.0,1.341,-0.116,-4.325,16.144,-1.746,3.174,-7.936,0.0,-0.567,1.053,0.0,9.325,7.0,6.5,5,2.3249999999999993,2.3249999999999993,2.3249999999999993,7.0,-0.5,0.5652173913043478,0.5,0.06521739130434767,OVER,2.3249999999999993,-130.0,-160.0,LOSS,False,LOSS,0.7692307692307693,0.0,0.0,0.0,0.0,0.0,0.0,0.0,0.0,0.0,0.0,0.0,0.0,0.0,0.0,0.0,0.0,0.0,0.0,0.0,0.0,0.5,0,0.5,1.3466785714285705,36.9,1.0,0.0,0.0,0.0,0.0,0.0,0.0,0.0,0.0,0.0,0.8898909279346725,0.0,0.1232249999999998,3.117824999999999,,0,-0.5,LOW,0.8898909279346725,-1.0,0.368862767258134,0.6037991148691783,0.06825997246085386,0.368863,STRICT,OU,2026-04-27 12:00:00+00:00,2026-04-27 23:55:00+00:00,2026-04-27 23:59:00+00:00,True,historical_backtest,HistoricalBasic,HistoricalBasic,7.0,6.5,-0.5,
2026,2026-04-28,822823,R,Toronto Blue Jays,Boston Red Sox,141,111,14,3,0,3,3,4.523,4.769,9.478,-0.166,-0.246,,2026-04-28,Toronto Blue Jays,Boston Red Sox,HistoricalBasic,7.5,7.5,0.0,close,-118.0,-102.0,-118.0,-102.0,-115.0,-105.0,-125.0,105.0,4762818.0,3.0,0.0,False,True,Boston Red Sox,Toronto Blue Jays,False,6.478,3.246,"Boston Red Sox 4.8, Toronto Blue Jays 4.5","Boston Red Sox 0, Toronto Blue Jays 3",historical_basic,178441.0,11.0,Trey Yesavage,Payton Tolle,0,0,3,3,0,0,8,2.333333333333333,5.333333333333333,1.0,6.092,4.8,3.0,3.875,2.875,3.875,2.875,5,3.6666666666666665,0.6666666666666666,0.3333333333333333,0.958,5.0,-1.0,5.0,-1.0,5.0,-1.0,100,9.36,5.0,9.0,3.167,9.0,2.467,3.857142857142857,4.142857142857143,-0.285714285714286,8.0,85.714,92.063,3.928571428571429,4.571428571428571,-0.6428571428571428,8.5,87.302,101.587,4.233333333333333,4.9,-0.666666666666667,9.133333333333333,94.074,108.889,-0.376,-0.757,4.714285714285714,3.7142857142857135,1.0,8.428571428571429,104.762,82.54,4.285714285714286,4.714285714285714,-0.4285714285714288,9.0,95.238,104.762,4.266666666666667,4.766666666666667,-0.5,9.033333333333331,94.815,105.926,0.448,-1.052,3.6,5.0,6.4,3.6,4.2,4.5,4.4,4.2,3.8,4.95,4.6,4.15,,,,3.645,5.08,19.006,11.75,90.37,96.931,7.361,1.4,1.056,0.7,-1.435,7.256,-6.561,-19.048,-7.936,-0.741,5.134,1.04,0.0,9.478,7.5,7.5,3,1.9779999999999998,1.9779999999999998,1.9779999999999998,7.5,0.0,0.5412844036697247,0.504950495049505,0.04623489871922981,OVER,1.9779999999999998,-118.0,-118.0,PUSH,False,LOSS,0.847457627118644,0.0,0.0,0.0,0.0,0.0,0.0,0.0,0.0,0.0,0.0,0.0,0.0,0.0,0.0,0.0,0.0,0.0,0.0,0.0,0.0,0.0,0,0.0,1.6667666666666643,34.50000000000001,1.0,0.0,0.0,0.0,0.0,0.0,0.0,0.0,0.0,0.0,0.8412123860253721,0.0,0.07912000000000007,2.088768,,0,0.0,LOW,0.8412123860253721,-1.0,0.14667346263161163,0.5597326831352673,0.03408241460583272,0.146673,BACKFILL,OU,2026-04-28 12:00:00+00:00,2026-04-28 23:55:00+00:00,2026-04-28 23:59:00+00:00,True,historical_backtest,HistoricalBasic,HistoricalBasic,7.5,7.5,0.0,
2026,2026-04-28,824447,R,Cleveland Guardians,Tampa Bay Rays,114,139,5,0,1,1,-1,4.584,4.184,8.619,0.514,0.4,,2026-04-28,Cleveland Guardians,Tampa Bay Rays,HistoricalBasic,7.5,7.5,0.0,close,-118.0,-102.0,-115.0,-105.0,-130.0,110.0,-140.0,115.0,4762813.0,0.0,1.0,True,False,Cleveland Guardians,Tampa Bay Rays,False,7.619,1.4,"Tampa Bay Rays 4.2, Cleveland Guardians 4.6","Tampa Bay Rays 1, Cleveland Guardians 0",historical_basic,178448.0,11.0,Tanner Bibee,Nick Martinez,0,0,3,3,0,0,112,7.0,-5.333333333333333,0.0,-6.208,5.8,-4.2,5.7,-0.8,4.65,-0.1,9,3.333333333333333,0.6666666666666666,0.6666666666666666,1.075,2.6,1.2,6.111111111111111,-3.0,6.111111111111111,-3.0,100,7.6,4.0,9.0,3.4,9.0,2.583,3.571428571428572,4.857142857142857,-1.2857142857142851,8.428571428571429,79.365,107.937,4.428571428571429,4.428571428571429,0.0,8.857142857142858,98.413,98.413,4.0,4.3,-0.2999999999999998,8.3,88.889,95.556,-0.429,0.557,4.571428571428571,3.7142857142857135,0.8571428571428568,8.285714285714285,101.587,82.54,5.0,4.214285714285714,0.7857142857142856,9.214285714285715,111.111,93.651,4.8,4.6,0.2000000000000001,9.4,106.667,102.222,-0.229,-0.886,3.0,4.0,5.0,1.6,4.1,4.6,4.4,4.4,4.4,4.65,4.7,4.3,,,,4.658,6.351,13.595,7.05,89.841,106.984,7.225,1.2,1.122,0.817,-1.693,6.545,-17.143,-22.222,-12.698,-17.778,-7.283,0.844,0.0,8.619,7.5,7.5,1,1.1189999999999998,1.1189999999999998,1.1189999999999998,7.5,0.0,0.5348837209302325,0.5121951219512195,0.04707884288145214,OVER,1.1189999999999998,-115.0,-118.0,PUSH,False,LOSS,0.8695652173913043,0.0,0.0,0.0,0.0,0.0,0.0,0.0,0.0,0.0,0.0,0.0,0.0,0.0,0.0,0.0,0.0,0.0,0.0,0.0,0.0,0.0,0,0.0,1.745857142857142,39.6,1.0,0.0,0.0,0.0,0.0,0.0,0.0,0.0,0.0,0.0,0.7121886458410078,0.0,-0.174564,1.255518,,0,0.0,LOW,0.7121886458410078,-1.0,0.1391254441180073,0.5846148897684404,0.09297566348012776,0.139125,BACKFILL,OU,2026-04-28 12:00:00+00:00,2026-04-28 23:55:00+00:00,2026-04-28 23:59:00+00:00,True,historical_backtest,HistoricalBasic,HistoricalBasic,7.5,7.5,0.0,
2026,2026-04-29,825015,R,Athletics,Kansas City Royals,133,118,2529,5,2,7,3,4.76,4.314,9.117,0.302,0.446,,2026-04-29,Athletics,Kansas City Royals,HistoricalBasic,9.5,10.0,-0.5,close,-115.0,-105.0,-105.0,-115.0,-120.0,100.0,-115.0,-105.0,4762840.0,5.0,2.0,True,True,Athletics,Athletics,True,2.117,2.554,"Kansas City Royals 4.3, Athletics 4.8","Kansas City Royals 2, Athletics 5",historical_basic,178453.0,11.0,Luis Severino,Michael Wacha,0,0,2,2,0,0,40,5.0,0.3333333333333333,0.6666666666666666,0.158,4.4,-0.4,3.9,0.4,4.7,0.25,80,4.0,-0.6666666666666666,0.3333333333333333,-0.492,4.0,-0.8,5.3,-1.9,5.0,-0.95,97,9.7,4.62,6.0,2.875,6.0,3.75,4.142857142857143,3.0,1.1428571428571432,7.142857142857143,92.063,66.667,4.071428571428571,4.714285714285714,-0.6428571428571432,8.785714285714285,90.476,104.762,4.333333333333333,4.666666666666667,-0.3333333333333339,9.0,96.296,103.704,-0.19,-1.667,7.142857142857143,4.857142857142857,2.2857142857142865,12.0,145.0,107.937,5.142857142857143,5.571428571428571,-0.4285714285714279,10.714285714285715,114.286,123.81,4.066666666666666,4.7,-0.6333333333333337,8.766666666666666,90.37,104.444,3.076,0.157,3.6,3.0,7.8,4.4,4.2,4.3,5.6,5.8,4.0,3.95,4.15,4.7,,,,4.68,5.076,13.977,11.817,93.704,111.217,7.489,-1.4,0.828,-0.875,-0.396,2.16,-17.513,-52.937,-23.81,5.926,0.65,1.078,0.0,9.117,10.0,9.5,7,-0.8829999999999991,-0.8829999999999991,0.8829999999999991,10.0,-0.5,0.5121951219512195,0.5348837209302325,0.04707884288145214,UNDER,0.8829999999999991,-115.0,-105.0,WIN,True,WIN,0.8695652173913043,0.0,0.0,0.0,0.0,0.0,0.0,0.0,0.0,0.0,0.0,0.0,0.0,0.0,0.0,0.0,0.0,0.0,0.0,0.0,0.0,0.5,1,0.5,3.1178047619047646,38.7,1.0,0.0,0.0,0.0,0.0,0.0,0.0,0.0,0.0,0.0,0.648443094229305,0.0,0.06887399999999999,0.7311239999999992,,1,0.5,HIGH,0.648443094229305,0.8695652173913043,0.19323507969791678,0.6154339074902977,0.15059382704707824,0.193235,BACKFILL,OU,2026-04-29 12:00:00+00:00,2026-04-29 23:55:00+00:00,2026-04-29 23:59:00+00:00,True,historical_backtest,HistoricalBasic,HistoricalBasic,10.0,9.5,0.5,
2026,2026-04-29,824525,R,Cincinnati Reds,Colorado Rockies,113,115,2602,2,13,15,-11,4.87,3.698,8.624,1.228,1.172,,2026-04-29,Cincinnati Reds,Colorado Rockies,HistoricalBasic,9.5,9.5,0.0,close,100.0,-120.0,100.0,-120.0,-155.0,130.0,-150.0,125.0,4762835.0,2.0,13.0,True,False,Cincinnati Reds,Colorado Rockies,False,6.376,12.172,"Colorado Rockies 3.7, Cincinnati Reds 4.9","Colorado Rockies 13, Cincinnati Reds 2",historical_basic,178465.0,11.0,Brandon Williamson,Tomoyuki Sugano,0,0,2,3,0,0,41,3.333333333333333,0.0,0.6666666666666666,0.408,3.6,-0.6,3.8,0.3,4.25,0.3,7,5.0,-1.3333333333333333,0.3333333333333333,-1.508,4.2,1.6,6.571428571428571,0.2857142857142857,6.571428571428571,0.2857142857142857,100,8.72,4.58,6.0,3.75,9.0,2.933,6.714285714285714,4.714285714285714,2.0,11.428571428571429,145.0,104.762,5.5,4.142857142857143,1.3571428571428568,9.642857142857142,122.222,92.063,4.2,4.1,0.1000000000000005,8.3,93.333,91.111,2.514,0.614,4.0,3.571428571428572,0.4285714285714284,7.571428571428571,88.889,79.365,3.928571428571429,4.642857142857143,-0.7142857142857149,8.571428571428571,87.302,103.175,4.0,4.533333333333333,-0.5333333333333332,8.533333333333333,88.889,100.741,0.0,-0.962,5.8,5.2,4.0,4.2,6.1,4.2,4.4,4.6,4.95,4.45,4.05,4.75,,,,4.226,6.549,14.855,10.657,113.175,88.413,7.62,1.0,1.019,0.817,-2.323,4.198,24.762,56.111,34.92,4.444,1.916,0.969,0.0,8.624,9.5,9.5,15,-0.8759999999999994,-0.8759999999999994,0.8759999999999994,9.5,0.0,0.5,0.5454545454545454,0.045454545454545414,UNDER,0.8759999999999994,-120.0,-120.0,PUSH,False,LOSS,0.8333333333333334,0.0,0.0,0.0,0.0,0.0,0.0,0.0,0.0,0.0,0.0,0.0,0.0,0.0,0.0,0.0,0.0,0.0,0.0,0.0,0.0,0.0,0,0.0,2.3977023809523796,39.6,1.0,0.0,0.0,0.0,0.0,0.0,0.0,0.0,0.0,0.0,0.6577520110649799,0.0,-0.027156000000000007,0.8926439999999993,,0,-0.0,HIGH,0.6577520110649799,-1.0,0.16657594996754954,0.5580679621529993,0.02312459728049865,0.166576,BACKFILL,OU,2026-04-29 12:00:00+00:00,2026-04-29 23:55:00+00:00,2026-04-29 23:59:00+00:00,True,historical_backtest,HistoricalBasic,HistoricalBasic,9.5,9.5,-0.0,
